"Data_Status","State","MSN","1960","1961","1962","1963","1964","1965","1966","1967","1968","1969","1970","1971","1972","1973","1974","1975","1976","1977","1978","1979","1980","1981","1982","1983","1984","1985","1986","1987","1988","1989","1990","1991","1992","1993","1994","1995","1996","1997","1998","1999","2000","2001","2002","2003","2004","2005","2006","2007","2008","2009","2010","2011","2012","2013","2014","2015","2016","2017","2018","2019","2020","2021","2022","2023"
"2023F","OK","ABICB"," 0"," 0"," 0"," 0"," 0"," 0"," 0"," 0"," 0"," 0"," 0"," 0"," 0"," 0"," 0"," 0"," 0"," 0"," 0"," 0"," 0"," 169"," 144"," 20"," 2"," 101"," 14"," 1","-27"," 3"," 6","-2"," 4"," 4"," 162"," 144"," 187"," 243"," 109"," 178"," 110"," 180"," 215"," 212"," 303"," 247"," 19"," 54"," 3","-24","-7"," 0"," 0","-11","-4","-10","-8","-5","-43","-33","-23","-24","-19","-19"
"2023F","OK","ABICP"," 0"," 0"," 0"," 0"," 0"," 0"," 0"," 0"," 0"," 0"," 0"," 0"," 0"," 0"," 0"," 0"," 0"," 0"," 0"," 0"," 0"," 33"," 28"," 4"," 0"," 20"," 3"," 0","-5"," 1"," 1"," 0"," 1"," 1"," 32"," 29"," 37"," 48"," 22"," 35"," 22"," 36"," 43"," 42"," 60"," 49"," 4"," 11"," 1","-5","-1"," 0"," 0","-2","-1","-2","-2","-1","-9","-7","-5","-5","-4","-4"
"2023F","OK","ARICB"," 13494"," 13752"," 16942"," 17915"," 21327"," 23796"," 21911"," 21497"," 21923"," 22781"," 30514"," 34689"," 32130"," 33504"," 36540"," 37661"," 31378"," 30832"," 29098"," 30937"," 32024"," 22249"," 22804"," 28746"," 20523"," 26564"," 21773"," 18111"," 23651"," 18250"," 23279"," 22779"," 19444"," 24696"," 23507"," 21110"," 18326"," 9462"," 17137"," 11410"," 13035"," 29164"," 25827"," 20418"," 27085"," 24967"," 21721"," 28245"," 16658"," 14734"," 15374"," 12362"," 16222"," 13409"," 10799"," 14523"," 12374"," 11527"," 10112"," 11198"," 10681"," 10940"," 11502"," 10411"
"2023F","OK","ARICP"," 2034"," 2072"," 2553"," 2700"," 3214"," 3586"," 3302"," 3239"," 3304"," 3433"," 4598"," 5227"," 4842"," 5049"," 5506"," 5675"," 4728"," 4646"," 4385"," 4662"," 4826"," 3353"," 3436"," 4332"," 3093"," 4003"," 3281"," 2729"," 3564"," 2750"," 3508"," 3433"," 2930"," 3721"," 3542"," 3181"," 2762"," 1426"," 2582"," 1719"," 1964"," 4395"," 3892"," 3077"," 4081"," 3762"," 3273"," 4256"," 2510"," 2220"," 2317"," 1863"," 2445"," 2021"," 1627"," 2189"," 1865"," 1737"," 1524"," 1687"," 1610"," 1649"," 1733"," 1569"
"2023F","OK","ARTCB"," 13494"," 13752"," 16942"," 17915"," 21327"," 23796"," 21911"," 21497"," 21923"," 22781"," 30514"," 34689"," 32130"," 33504"," 36540"," 37661"," 31378"," 30832"," 29098"," 30937"," 32024"," 22249"," 22804"," 28746"," 20523"," 26564"," 21773"," 18111"," 23651"," 18250"," 23279"," 22779"," 19444"," 24696"," 23507"," 21110"," 18326"," 9462"," 17137"," 11410"," 13035"," 29164"," 25827"," 20418"," 27085"," 24967"," 21721"," 28245"," 16658"," 14734"," 15374"," 12362"," 16222"," 13409"," 10799"," 14523"," 12374"," 11527"," 10112"," 11198"," 10681"," 10940"," 11502"," 10411"
"2023F","OK","ARTCP"," 2034"," 2072"," 2553"," 2700"," 3214"," 3586"," 3302"," 3239"," 3304"," 3433"," 4598"," 5227"," 4842"," 5049"," 5506"," 5675"," 4728"," 4646"," 4385"," 4662"," 4826"," 3353"," 3436"," 4332"," 3093"," 4003"," 3281"," 2729"," 3564"," 2750"," 3508"," 3433"," 2930"," 3721"," 3542"," 3181"," 2762"," 1426"," 2582"," 1719"," 1964"," 4395"," 3892"," 3077"," 4081"," 3762"," 3273"," 4256"," 2510"," 2220"," 2317"," 1863"," 2445"," 2021"," 1627"," 2189"," 1865"," 1737"," 1524"," 1687"," 1610"," 1649"," 1733"," 1569"
"2023F","OK","ARTXB"," 13494"," 13752"," 16942"," 17915"," 21327"," 23796"," 21911"," 21497"," 21923"," 22781"," 30514"," 34689"," 32130"," 33504"," 36540"," 37661"," 31378"," 30832"," 29098"," 30937"," 32024"," 22249"," 22804"," 28746"," 20523"," 26564"," 21773"," 18111"," 23651"," 18250"," 23279"," 22779"," 19444"," 24696"," 23507"," 21110"," 18326"," 9462"," 17137"," 11410"," 13035"," 29164"," 25827"," 20418"," 27085"," 24967"," 21721"," 28245"," 16658"," 14734"," 15374"," 12362"," 16222"," 13409"," 10799"," 14523"," 12374"," 11527"," 10112"," 11198"," 10681"," 10940"," 11502"," 10411"
"2023F","OK","ARTXP"," 2034"," 2072"," 2553"," 2700"," 3214"," 3586"," 3302"," 3239"," 3304"," 3433"," 4598"," 5227"," 4842"," 5049"," 5506"," 5675"," 4728"," 4646"," 4385"," 4662"," 4826"," 3353"," 3436"," 4332"," 3093"," 4003"," 3281"," 2729"," 3564"," 2750"," 3508"," 3433"," 2930"," 3721"," 3542"," 3181"," 2762"," 1426"," 2582"," 1719"," 1964"," 4395"," 3892"," 3077"," 4081"," 3762"," 3273"," 4256"," 2510"," 2220"," 2317"," 1863"," 2445"," 2021"," 1627"," 2189"," 1865"," 1737"," 1524"," 1687"," 1610"," 1649"," 1733"," 1569"
"2023F","OK","AVACB"," 2837"," 2437"," 3373"," 3447"," 3617"," 3760"," 3455"," 2569"," 2490"," 2444"," 2261"," 2126"," 2007"," 1955"," 1857"," 1560"," 1515"," 1669"," 1770"," 1552"," 1653"," 1353"," 784"," 609"," 951"," 1097"," 1264"," 903"," 870"," 834"," 738"," 559"," 625"," 527"," 423"," 778"," 593"," 404"," 670"," 513"," 546"," 405"," 610"," 533"," 672"," 324"," 1320"," 259"," 227"," 1238"," 1002"," 940"," 876"," 662"," 266"," 295"," 291"," 304"," 333"," 350"," 311"," 316"," 327"," 310"
"2023F","OK","AVACP"," 562"," 483"," 668"," 683"," 717"," 745"," 684"," 509"," 493"," 484"," 448"," 421"," 398"," 387"," 368"," 309"," 300"," 331"," 351"," 307"," 328"," 268"," 155"," 121"," 188"," 217"," 250"," 179"," 172"," 165"," 146"," 111"," 124"," 104"," 84"," 154"," 117"," 80"," 133"," 102"," 108"," 80"," 121"," 106"," 133"," 64"," 261"," 51"," 45"," 245"," 199"," 186"," 174"," 131"," 53"," 58"," 58"," 60"," 66"," 69"," 62"," 63"," 65"," 61"
"2023F","OK","AVTCB"," 2837"," 2437"," 3373"," 3447"," 3617"," 3760"," 3455"," 2569"," 2490"," 2444"," 2261"," 2126"," 2007"," 1955"," 1857"," 1560"," 1515"," 1669"," 1770"," 1552"," 1653"," 1353"," 784"," 609"," 951"," 1097"," 1264"," 903"," 870"," 834"," 738"," 559"," 625"," 527"," 423"," 778"," 593"," 404"," 670"," 513"," 546"," 405"," 610"," 533"," 672"," 324"," 1320"," 259"," 227"," 1238"," 1002"," 940"," 876"," 662"," 266"," 295"," 291"," 304"," 333"," 350"," 311"," 316"," 327"," 310"
"2023F","OK","AVTCP"," 562"," 483"," 668"," 683"," 717"," 745"," 684"," 509"," 493"," 484"," 448"," 421"," 398"," 387"," 368"," 309"," 300"," 331"," 351"," 307"," 328"," 268"," 155"," 121"," 188"," 217"," 250"," 179"," 172"," 165"," 146"," 111"," 124"," 104"," 84"," 154"," 117"," 80"," 133"," 102"," 108"," 80"," 121"," 106"," 133"," 64"," 261"," 51"," 45"," 245"," 199"," 186"," 174"," 131"," 53"," 58"," 58"," 60"," 66"," 69"," 62"," 63"," 65"," 61"
"2023F","OK","AVTXB"," 2837"," 2437"," 3373"," 3447"," 3617"," 3760"," 3455"," 2569"," 2490"," 2444"," 2261"," 2126"," 2007"," 1955"," 1857"," 1560"," 1515"," 1669"," 1770"," 1552"," 1653"," 1353"," 784"," 609"," 951"," 1097"," 1264"," 903"," 870"," 834"," 738"," 559"," 625"," 527"," 423"," 778"," 593"," 404"," 670"," 513"," 546"," 405"," 610"," 533"," 672"," 324"," 1320"," 259"," 227"," 1238"," 1002"," 940"," 876"," 662"," 266"," 295"," 291"," 304"," 333"," 350"," 311"," 316"," 327"," 310"
"2023F","OK","AVTXP"," 562"," 483"," 668"," 683"," 717"," 745"," 684"," 509"," 493"," 484"," 448"," 421"," 398"," 387"," 368"," 309"," 300"," 331"," 351"," 307"," 328"," 268"," 155"," 121"," 188"," 217"," 250"," 179"," 172"," 165"," 146"," 111"," 124"," 104"," 84"," 154"," 117"," 80"," 133"," 102"," 108"," 80"," 121"," 106"," 133"," 64"," 261"," 51"," 45"," 245"," 199"," 186"," 174"," 131"," 53"," 58"," 58"," 60"," 66"," 69"," 62"," 63"," 65"," 61"
"2023F","OK","B1ABB",,,,,,,,,,,,,,,,,,,,,,,,,,,,,,,,,,,,,,,,,,,,,,,,,,,," 0"," 0"," 0"," 0"," 0"," 0"," 0"," 0"," 0"," 0"," 0"," 0"," 0"
"2023F","OK","B1ABP",,,,,,,,,,,,,,,,,,,,,,,,,,,,,,,,,,,,,,,,,,,,,,,,,,,," 0"," 0"," 0"," 0"," 0"," 0"," 0"," 0"," 0"," 0"," 0"," 0"," 0"
"2023F","OK","B1ACB"," 0"," 0"," 0"," 0"," 0"," 0"," 0"," 0"," 0"," 0"," 0"," 0"," 0"," 0"," 0"," 0"," 0"," 0"," 0"," 0"," 0"," 0"," 0"," 0"," 0"," 0"," 0"," 0"," 0"," 0"," 0"," 0"," 0"," 0"," 0"," 0"," 0"," 0"," 0"," 0"," 0"," 0"," 0"," 0"," 0"," 0"," 0"," 0"," 0"," 0"," 0"," 0"," 0"," 0"," 0"," 0"," 0"," 0"," 0"," 0"," 0"," 0"," 0"," 0"
"2023F","OK","B1ACP"," 0"," 0"," 0"," 0"," 0"," 0"," 0"," 0"," 0"," 0"," 0"," 0"," 0"," 0"," 0"," 0"," 0"," 0"," 0"," 0"," 0"," 0"," 0"," 0"," 0"," 0"," 0"," 0"," 0"," 0"," 0"," 0"," 0"," 0"," 0"," 0"," 0"," 0"," 0"," 0"," 0"," 0"," 0"," 0"," 0"," 0"," 0"," 0"," 0"," 0"," 0"," 0"," 0"," 0"," 0"," 0"," 0"," 0"," 0"," 0"," 0"," 0"," 0"," 0"
"2023F","OK","B1AUB",,,,,,,,,,,,,,,,,,,,,,,,,,,,,,,,,,,,,,,,,,,,,,,,,,,,,,,,,,,,,," 0"," 0"," 0"
"2023F","OK","B1AUP",,,,,,,,,,,,,,,,,,,,,,,,,,,,,,,,,,,,,,,,,,,,,,,,,,,,,,,,,,,,,," 0"," 0"," 0"
"2023F","OK","B1RIB",,,,,,,,,,,,,,,,,,,,,,,,,,,,,,,,,,,,,,,,,,,,,,,,,,,," 0"," 0"," 0"," 0"," 0"," 0"," 0"," 0"," 0"," 0"," 0"," 0"," 0"
"2023F","OK","B1RIP",,,,,,,,,,,,,,,,,,,,,,,,,,,,,,,,,,,,,,,,,,,,,,,,,,,," 0"," 0"," 0"," 0"," 0"," 0"," 0"," 0"," 0"," 0"," 0"," 0"," 0"
"2023F","OK","B1TCB"," 0"," 0"," 0"," 0"," 0"," 0"," 0"," 0"," 0"," 0"," 0"," 0"," 0"," 0"," 0"," 0"," 0"," 0"," 0"," 0"," 0"," 0"," 0"," 0"," 0"," 0"," 0"," 0"," 0"," 0"," 0"," 0"," 0"," 0"," 0"," 0"," 0"," 0"," 0"," 0"," 0"," 0"," 0"," 0"," 0"," 0"," 0"," 0"," 0"," 0"," 0"," 0"," 0"," 0"," 0"," 0"," 0"," 0"," 0"," 0"," 0"," 0"," 0"," 0"
"2023F","OK","B1TCP"," 0"," 0"," 0"," 0"," 0"," 0"," 0"," 0"," 0"," 0"," 0"," 0"," 0"," 0"," 0"," 0"," 0"," 0"," 0"," 0"," 0"," 0"," 0"," 0"," 0"," 0"," 0"," 0"," 0"," 0"," 0"," 0"," 0"," 0"," 0"," 0"," 0"," 0"," 0"," 0"," 0"," 0"," 0"," 0"," 0"," 0"," 0"," 0"," 0"," 0"," 0"," 0"," 0"," 0"," 0"," 0"," 0"," 0"," 0"," 0"," 0"," 0"," 0"," 0"
"2023F","OK","BDABB",,,,,,,,,,,,,,,,,,,,,,,,,,,,,,,,,,,,,,,,,,,,,,,,,," 195"," 267"," 781"," 1175"," 1874"," 1923"," 1799"," 2138"," 2186"," 1875"," 1655"," 1660"," 1490"," 1362"," 1647"
"2023F","OK","BDABP",,,,,,,,,,,,,,,,,,,,,,,,,,,,,,,,,,,,,,,,,,,,,,,,,," 36"," 50"," 146"," 219"," 350"," 359"," 336"," 399"," 408"," 350"," 309"," 310"," 278"," 254"," 307"
"2023F","OK","BDACB"," 0"," 0"," 0"," 0"," 0"," 0"," 0"," 0"," 0"," 0"," 0"," 0"," 0"," 0"," 0"," 0"," 0"," 0"," 0"," 0"," 0"," 0"," 0"," 0"," 0"," 0"," 0"," 0"," 0"," 0"," 0"," 0"," 0"," 0"," 0"," 0"," 0"," 0"," 0"," 0"," 0"," 33"," 52"," 43"," 85"," 289"," 829"," 1124"," 964"," 1022"," 826"," 2804"," 2709"," 4435"," 4309"," 4204"," 6116"," 5995"," 4883"," 4021"," 4260"," 3500"," 3291"," 4443"
"2023F","OK","BDACP"," 0"," 0"," 0"," 0"," 0"," 0"," 0"," 0"," 0"," 0"," 0"," 0"," 0"," 0"," 0"," 0"," 0"," 0"," 0"," 0"," 0"," 0"," 0"," 0"," 0"," 0"," 0"," 0"," 0"," 0"," 0"," 0"," 0"," 0"," 0"," 0"," 0"," 0"," 0"," 0"," 0"," 6"," 10"," 8"," 16"," 54"," 155"," 210"," 180"," 191"," 154"," 523"," 506"," 828"," 804"," 784"," 1141"," 1119"," 911"," 750"," 795"," 653"," 614"," 829"
"2023F","OK","BDAUB",,,,,,,,,,,,,,,,,,,,,,,,,,,,,,,,,,,,,,,,,,,,,,,,,,,,,,,,,,,,,," 2011"," 1929"," 2796"
"2023F","OK","BDAUP",,,,,,,,,,,,,,,,,,,,,,,,,,,,,,,,,,,,,,,,,,,,,,,,,,,,,,,,,,,,,," 375"," 360"," 522"
"2023F","OK","BDCBB",,,,,,,,,,,,,,,,,,,,,,,,,,,,,,,,,,,,,,,,,,,,,,,,,," 0"," 0"," 0"," 0"," 0"," 0"," 0"," 0"," 0"," 0"," 0"," 0"," 0"," 0"," 0"
"2023F","OK","BDCBP",,,,,,,,,,,,,,,,,,,,,,,,,,,,,,,,,,,,,,,,,,,,,,,,,," 0"," 0"," 0"," 0"," 0"," 0"," 0"," 0"," 0"," 0"," 0"," 0"," 0"," 0"," 0"
"2023F","OK","BDCCB"," 0"," 0"," 0"," 0"," 0"," 0"," 0"," 0"," 0"," 0"," 0"," 0"," 0"," 0"," 0"," 0"," 0"," 0"," 0"," 0"," 0"," 0"," 0"," 0"," 0"," 0"," 0"," 0"," 0"," 0"," 0"," 0"," 0"," 0"," 0"," 0"," 0"," 0"," 0"," 0"," 0"," 0"," 0"," 0"," 0"," 0"," 0"," 0"," 0"," 0"," 0"," 0"," 0"," 0"," 0"," 0"," 0"," 0"," 0"," 0"," 0"," 0"," 0"," 0"
"2023F","OK","BDCCP"," 0"," 0"," 0"," 0"," 0"," 0"," 0"," 0"," 0"," 0"," 0"," 0"," 0"," 0"," 0"," 0"," 0"," 0"," 0"," 0"," 0"," 0"," 0"," 0"," 0"," 0"," 0"," 0"," 0"," 0"," 0"," 0"," 0"," 0"," 0"," 0"," 0"," 0"," 0"," 0"," 0"," 0"," 0"," 0"," 0"," 0"," 0"," 0"," 0"," 0"," 0"," 0"," 0"," 0"," 0"," 0"," 0"," 0"," 0"," 0"," 0"," 0"," 0"," 0"
"2023F","OK","BDCUB",,,,,,,,,,,,,,,,,,,,,,,,,,,,,,,,,,,,,,,,,,,,,,,,,,,,,,,,,,,,,," 0"," 0"," 0"
"2023F","OK","BDCUP",,,,,,,,,,,,,,,,,,,,,,,,,,,,,,,,,,,,,,,,,,,,,,,,,,,,,,,,,,,,,," 0"," 0"," 0"
"2023F","OK","BDEIB"," 0"," 0"," 0"," 0"," 0"," 0"," 0"," 0"," 0"," 0"," 0"," 0"," 0"," 0"," 0"," 0"," 0"," 0"," 0"," 0"," 0"," 0"," 0"," 0"," 0"," 0"," 0"," 0"," 0"," 0"," 0"," 0"," 0"," 0"," 0"," 0"," 0"," 0"," 0"," 0"," 0"," 0"," 0"," 0"," 0"," 0"," 0"," 0"," 0"," 0"," 0"," 0"," 0"," 0"," 0"," 0"," 0"," 0"," 0"," 0"," 0"," 0"," 0"," 0"
"2023F","OK","BDEIK"," 0"," 0"," 0"," 0"," 0"," 0"," 0"," 0"," 0"," 0"," 0"," 0"," 0"," 0"," 0"," 0"," 0"," 0"," 0"," 0"," 0"," 0"," 0"," 0"," 0"," 0"," 0"," 0"," 0"," 0"," 0"," 0"," 0"," 0"," 0"," 0"," 0"," 0"," 0"," 0"," 0"," 0"," 0"," 0"," 0"," 0"," 0"," 0"," 0"," 0"," 0"," 0"," 0"," 0"," 0"," 0"," 0"," 0"," 0"," 0"," 0"," 0"," 0"," 0"
"2023F","OK","BDEIP"," 0"," 0"," 0"," 0"," 0"," 0"," 0"," 0"," 0"," 0"," 0"," 0"," 0"," 0"," 0"," 0"," 0"," 0"," 0"," 0"," 0"," 0"," 0"," 0"," 0"," 0"," 0"," 0"," 0"," 0"," 0"," 0"," 0"," 0"," 0"," 0"," 0"," 0"," 0"," 0"," 0"," 0"," 0"," 0"," 0"," 0"," 0"," 0"," 0"," 0"," 0"," 0"," 0"," 0"," 0"," 0"," 0"," 0"," 0"," 0"," 0"," 0"," 0"," 0"
"2023F","OK","BDEUB",,,,,,,,,,,,,,,,,,,,,,,,,,,,,,,,,,,,,,,,,,,,,,,,,,,,,,,,,,,,,," 0"," 0"," 0"
"2023F","OK","BDEUP",,,,,,,,,,,,,,,,,,,,,,,,,,,,,,,,,,,,,,,,,,,,,,,,,,,,,,,,,,,,,," 0"," 0"," 0"
"2023F","OK","BDLCB"," 0"," 0"," 0"," 0"," 0"," 0"," 0"," 0"," 0"," 0"," 0"," 0"," 0"," 0"," 0"," 0"," 0"," 0"," 0"," 0"," 0"," 0"," 0"," 0"," 0"," 0"," 0"," 0"," 0"," 0"," 0"," 0"," 0"," 0"," 0"," 0"," 0"," 0"," 0"," 0"," 0"," 0"," 0"," 0"," 0"," 0"," 0"," 0"," 23"," 30"," 16"," 23"," 0"," 53"," 53"," 47"," 61"," 63"," 61"," 56"," 66"," 60"," 59"," 62"
"2023F","OK","BDRBB",,,,,,,,,,,,,,,,,,,,,,,,,,,,,,,,,,,,,,,,,,,,,,,,,," 0"," 0"," 0"," 0"," 0"," 0"," 0"," 0"," 0"," 0"," 0"," 0"," 0"," 0"," 0"
"2023F","OK","BDRBP",,,,,,,,,,,,,,,,,,,,,,,,,,,,,,,,,,,,,,,,,,,,,,,,,," 0"," 0"," 0"," 0"," 0"," 0"," 0"," 0"," 0"," 0"," 0"," 0"," 0"," 0"," 0"
"2023F","OK","BDRCB"," 0"," 0"," 0"," 0"," 0"," 0"," 0"," 0"," 0"," 0"," 0"," 0"," 0"," 0"," 0"," 0"," 0"," 0"," 0"," 0"," 0"," 0"," 0"," 0"," 0"," 0"," 0"," 0"," 0"," 0"," 0"," 0"," 0"," 0"," 0"," 0"," 0"," 0"," 0"," 0"," 0"," 0"," 0"," 0"," 0"," 0"," 0"," 0"," 0"," 0"," 0"," 0"," 0"," 0"," 0"," 0"," 0"," 0"," 0"," 0"," 0"," 0"," 0"," 0"
"2023F","OK","BDRCP"," 0"," 0"," 0"," 0"," 0"," 0"," 0"," 0"," 0"," 0"," 0"," 0"," 0"," 0"," 0"," 0"," 0"," 0"," 0"," 0"," 0"," 0"," 0"," 0"," 0"," 0"," 0"," 0"," 0"," 0"," 0"," 0"," 0"," 0"," 0"," 0"," 0"," 0"," 0"," 0"," 0"," 0"," 0"," 0"," 0"," 0"," 0"," 0"," 0"," 0"," 0"," 0"," 0"," 0"," 0"," 0"," 0"," 0"," 0"," 0"," 0"," 0"," 0"," 0"
"2023F","OK","BDRIB",,,,,,,,,,,,,,,,,,,,,,,,,,,,,,,,,,,,,,,,,,,,,,,,,," 195"," 267"," 781"," 1175"," 1874"," 1923"," 1799"," 2138"," 2186"," 1875"," 1655"," 1660"," 1490"," 1362"," 1647"
"2023F","OK","BDRIP",,,,,,,,,,,,,,,,,,,,,,,,,,,,,,,,,,,,,,,,,,,,,,,,,," 36"," 50"," 146"," 219"," 350"," 359"," 336"," 399"," 408"," 350"," 309"," 310"," 278"," 254"," 307"
"2023F","OK","BDRUB",,,,,,,,,,,,,,,,,,,,,,,,,,,,,,,,,,,,,,,,,,,,,,,,,,,,,,,,,,,,,," 0"," 0"," 0"
"2023F","OK","BDRUP",,,,,,,,,,,,,,,,,,,,,,,,,,,,,,,,,,,,,,,,,,,,,,,,,,,,,,,,,,,,,," 0"," 0"," 0"
"2023F","OK","BDSAB",,,,,,,,,,,,,,,,,,,,,,,,,,,,,,,,,,,,,,,,,,,,,,,,,," 1568"," 1119"," 2770",,,,,,,,,,,,
"2023F","OK","BDSAP",,,,,,,,,,,,,,,,,,,,,,,,,,,,,,,,,,,,,,,,,,,,,,,,,," 293"," 209"," 517",,,,,,,,,,,,
"2023F","OK","BDSUB",,,,,,,,,,,,,,,,,,,,,,,,,,,,,,,,,,,,,,,,,,,,,,,,,,,,,,,,,,,,,," 2011"," 1929"," 2796"
"2023F","OK","BDSUP",,,,,,,,,,,,,,,,,,,,,,,,,,,,,,,,,,,,,,,,,,,,,,,,,,,,,,,,,,,,,," 375"," 360"," 522"
"2023F","OK","BDTCB"," 0"," 0"," 0"," 0"," 0"," 0"," 0"," 0"," 0"," 0"," 0"," 0"," 0"," 0"," 0"," 0"," 0"," 0"," 0"," 0"," 0"," 0"," 0"," 0"," 0"," 0"," 0"," 0"," 0"," 0"," 0"," 0"," 0"," 0"," 0"," 0"," 0"," 0"," 0"," 0"," 0"," 33"," 52"," 43"," 85"," 289"," 829"," 1124"," 964"," 1022"," 826"," 2804"," 2709"," 4435"," 4309"," 4204"," 6116"," 5995"," 4883"," 4021"," 4260"," 3500"," 3291"," 4443"
"2023F","OK","BDTCK"," 0"," 0"," 0"," 0"," 0"," 0"," 0"," 0"," 0"," 0"," 0"," 0"," 0"," 0"," 0"," 0"," 0"," 0"," 0"," 0"," 0"," 0"," 0"," 0"," 0"," 0"," 0"," 0"," 0"," 0"," 0"," 0"," 0"," 0"," 0"," 0"," 0"," 0"," 0"," 0"," 0"," 5.359"," 5.359"," 5.359"," 5.359"," 5.359"," 5.359"," 5.359"," 5.359"," 5.359"," 5.359"," 5.359"," 5.359"," 5.359"," 5.359"," 5.359"," 5.359"," 5.359"," 5.359"," 5.359"," 5.359"," 5.359"," 5.359"," 5.359"
"2023F","OK","BDTCP"," 0"," 0"," 0"," 0"," 0"," 0"," 0"," 0"," 0"," 0"," 0"," 0"," 0"," 0"," 0"," 0"," 0"," 0"," 0"," 0"," 0"," 0"," 0"," 0"," 0"," 0"," 0"," 0"," 0"," 0"," 0"," 0"," 0"," 0"," 0"," 0"," 0"," 0"," 0"," 0"," 0"," 6"," 10"," 8"," 16"," 54"," 155"," 210"," 180"," 191"," 154"," 523"," 506"," 828"," 804"," 784"," 1141"," 1119"," 911"," 750"," 795"," 653"," 614"," 829"
"2023F","OK","BDTXB"," 0"," 0"," 0"," 0"," 0"," 0"," 0"," 0"," 0"," 0"," 0"," 0"," 0"," 0"," 0"," 0"," 0"," 0"," 0"," 0"," 0"," 0"," 0"," 0"," 0"," 0"," 0"," 0"," 0"," 0"," 0"," 0"," 0"," 0"," 0"," 0"," 0"," 0"," 0"," 0"," 0"," 33"," 52"," 43"," 85"," 289"," 829"," 1124"," 964"," 1022"," 826"," 2804"," 2709"," 4435"," 4309"," 4204"," 6116"," 5995"," 4883"," 4021"," 4260"," 3500"," 3291"," 4443"
"2023F","OK","BDTXP"," 0"," 0"," 0"," 0"," 0"," 0"," 0"," 0"," 0"," 0"," 0"," 0"," 0"," 0"," 0"," 0"," 0"," 0"," 0"," 0"," 0"," 0"," 0"," 0"," 0"," 0"," 0"," 0"," 0"," 0"," 0"," 0"," 0"," 0"," 0"," 0"," 0"," 0"," 0"," 0"," 0"," 6"," 10"," 8"," 16"," 54"," 155"," 210"," 180"," 191"," 154"," 523"," 506"," 828"," 804"," 784"," 1141"," 1119"," 911"," 750"," 795"," 653"," 614"," 829"
"2023F","OK","BDXUB",,,,,,,,,,,,,,,,,,,,,,,,,,,,,,,,,,,,,,,,,,,,,,,,,,,,,,,,,,,,,," 2011"," 1929"," 2796"
"2023F","OK","BDXUP",,,,,,,,,,,,,,,,,,,,,,,,,,,,,,,,,,,,,,,,,,,,,,,,,,,,,,,,,,,,,," 375"," 360"," 522"
"2023F","OK","BFLCB"," 0"," 0"," 0"," 0"," 0"," 0"," 0"," 0"," 0"," 0"," 0"," 0"," 0"," 0"," 0"," 0"," 0"," 0"," 0"," 0"," 0"," 0"," 0"," 0"," 0"," 0"," 0"," 0"," 0"," 0"," 0"," 0"," 0"," 0"," 0"," 0"," 0"," 0"," 0"," 0"," 0"," 0"," 0"," 0"," 0"," 0"," 0"," 0"," 23"," 30"," 16"," 23"," 0"," 53"," 53"," 47"," 61"," 63"," 61"," 56"," 66"," 60"," 59"," 62"
"2023F","OK","BFTCB"," 0"," 0"," 0"," 0"," 0"," 0"," 0"," 0"," 0"," 0"," 0"," 0"," 0"," 0"," 0"," 0"," 0"," 0"," 0"," 0"," 0"," 361"," 1278"," 610"," 184"," 165"," 203"," 0"," 0"," 0"," 0"," 0"," 0"," 0"," 0"," 0"," 0"," 0"," 0"," 0"," 0"," 33"," 52"," 43"," 85"," 3891"," 4430"," 8170"," 14170"," 13072"," 13416"," 15169"," 15553"," 16701"," 18426"," 19685"," 21647"," 21313"," 20412"," 19540"," 18404"," 18712"," 18517"," 19904"
"2023F","OK","BMCAS",,,,,,,,,,,,,,,,,,,,,,,,,,,,,,,,,,,,,,,,,,,,,,,,," 64.1"," 58"," 70.9"," 61.7"," 69.7"," 62.7"," 66.3"," 72.3"," 71.2"," 65.6"," 71"," 68.3"," 76.6"," 68.2"," 68"," 61.7"
"2023F","OK","BMTCB"," 10185"," 9519"," 8940"," 8642"," 8170"," 7607"," 7729"," 7032"," 7537"," 7239"," 6979"," 6833"," 11704"," 11683"," 11342"," 11997"," 13317"," 14489"," 19149"," 22757"," 11200"," 12156"," 15590"," 13549"," 15471"," 15586"," 14557"," 15280"," 16005"," 25306"," 21420"," 21066"," 19677"," 22946"," 24095"," 24537"," 29277"," 25268"," 24732"," 22772"," 24097"," 24136"," 20694"," 23193"," 26558"," 30411"," 31553"," 33859"," 27007"," 31414"," 43667"," 45278"," 46611"," 50452"," 50325"," 47682"," 51514"," 54885"," 56316"," 53856"," 56382"," 56130"," 54864"," 53151"
"2023F","OK","BQICB",,,,,,,,,,,,,,,,,,,,,,,,,,,,,,,,,,,,,,,,,,,,,,,,,,," 0"," 0"," 0"," 0"," 0"," 0"," 0"," 0"," 0"," 0"," 0"," 0"," 0"," 0"
"2023F","OK","BQICP",,,,,,,,,,,,,,,,,,,,,,,,,,,,,,,,,,,,,,,,,,,,,,,,,,," 0"," 0"," 0"," 0"," 0"," 0"," 0"," 0"," 0"," 0"," 0"," 0"," 0"," 0"
"2023F","OK","BQTCB",,,,,,,,,,,,,,,,,,,,,,,,,,,,,,,,,,,,,,,,,,,,,,,,,,," 0"," 0"," 0"," 0"," 0"," 0"," 0"," 0"," 0"," 0"," 0"," 0"," 0"," 0"
"2023F","OK","BQTCP",,,,,,,,,,,,,,,,,,,,,,,,,,,,,,,,,,,,,,,,,,,,,,,,,,," 0"," 0"," 0"," 0"," 0"," 0"," 0"," 0"," 0"," 0"," 0"," 0"," 0"," 0"
"2023F","OK","BTCAS",,,,,,,,,,,,,,,,,,,,,,,,,,,,,,,,,,,,,,,,,,,,,,,,,,,,,," 0"," 0"," 0"," 0"," 0"," 0"," 0"," 6.4"," 0"," 0"," 0"
"2023F","OK","BTGBP",,,,,,,,,,,,,,,,,,,,,,,,,,,,,,,,,,,,,,,,,,,,,,,,," 0"," 0"," 0"," 0"," 0"," 0"," 0"," 0"," 0"," 0"," 0"," 0"," 10"," 10"," 10"," 10"
"2023F","OK","BTVHN",,,,,,,,,,,,,,,,,,,,,,,,,,,,,,,,,,,,,,,,,,,,,,,,,,,,,,,,," .6"," 1.1"," 3.7"," 3.3"," 3.2"," 6.9"," 13.7"," 21.8"
"2023F","OK","BTVHP",,,,,,,,,,,,,,,,,,,,,,,,,,,,,,,,,,,,,,,,,,,,,,,,,,,,,,,,,,," 4"," 7"," 8"," 10"," 23"," 38"
"2023F","OK","BXSUB",,,,,,,,,,,,,,,,,,,,,,,,,,,,,,,,,,,,,,,,,,,,,,,,,,,,,,,,,,,,,," 2011"," 1929"," 2796"
"2023F","OK","BXSUP",,,,,,,,,,,,,,,,,,,,,,,,,,,,,,,,,,,,,,,,,,,,,,,,,,,,,,,,,,,,,," 375"," 360"," 522"
"2023F","OK","BYICB",,,,,,,,,,,,,,,,,,,,,,,,,,,,,,,,,,,,,,,,,,,,,,,,,,," 0"," 0"," 0"," 0"," 0"," 0"," 0"," 0"," 0"," 0"," 0"," 0"," 0"," 0"
"2023F","OK","BYICP",,,,,,,,,,,,,,,,,,,,,,,,,,,,,,,,,,,,,,,,,,,,,,,,,,," 0"," 0"," 0"," 0"," 0"," 0"," 0"," 0"," 0"," 0"," 0"," 0"," 0"," 0"
"2023F","OK","BYTCB",,,,,,,,,,,,,,,,,,,,,,,,,,,,,,,,,,,,,,,,,,,,,,,,,,," 0"," 0"," 0"," 0"," 0"," 0"," 0"," 0"," 0"," 0"," 0"," 0"," 0"," 0"
"2023F","OK","BYTCP",,,,,,,,,,,,,,,,,,,,,,,,,,,,,,,,,,,,,,,,,,,,,,,,,,," 0"," 0"," 0"," 0"," 0"," 0"," 0"," 0"," 0"," 0"," 0"," 0"," 0"," 0"
"2023F","OK","CLACB"," 11"," 2"," 1"," 1"," 1"," 1"," 1"," 0"," 0"," 0"," 0"," 0"," 0"," 3"," 2"," 0"," 0"," 0"," 0"," 0"," 0"," 0"," 0"," 0"," 0"," 0"," 0"," 0"," 0"," 0"," 0"," 0"," 0"," 0"," 0"," 0"," 0"," 0"," 0"," 0"," 0"," 0"," 0"," 0"," 0"," 0"," 0"," 0"," 0"," 0"," 0"," 0"," 0"," 0"," 0"," 0"," 0"," 0"," 0"," 0"," 0"," 0"," 0"," 0"
"2023F","OK","CLACK"," 25.383"," 25.347"," 25.336"," 25.301"," 25.266"," 25.16"," 24.995"," 24.818"," 24.795"," 24.488"," 23.7"," 23.37"," 23.253"," 23.3"," 23.13"," 23.439"," 21.249"," 21.137"," 21.328"," 20.976"," 21.212"," 21.298"," 21.169"," 21.596"," 21.225"," 21.434"," 21.488"," 21.103"," 21.259"," 21.314"," 22.802"," 23.805"," 22.755"," 22.427"," 21.088"," 22.675"," 22.232"," 20.884"," 23.329"," 23.329"," 0"," 0"," 0"," 0"," 0"," 0"," 0"," 0"," 0"," 0"," 0"," 0"," 0"," 0"," 0"," 0"," 0"," 0"," 0"," 0"," 0"," 0"," 0"," 0"
"2023F","OK","CLACP"," 0"," 0"," 0"," 0"," 0"," 0"," 0"," 0"," 0"," 0"," 0"," 0"," 0"," 0"," 0"," 0"," 0"," 0"," 0"," 0"," 0"," 0"," 0"," 0"," 0"," 0"," 0"," 0"," 0"," 0"," 0"," 0"," 0"," 0"," 0"," 0"," 0"," 0"," 0"," 0"," 0"," 0"," 0"," 0"," 0"," 0"," 0"," 0"," 0"," 0"," 0"," 0"," 0"," 0"," 0"," 0"," 0"," 0"," 0"," 0"," 0"," 0"," 0"," 0"
"2023F","OK","CLCAS",,,,,,,,,,,,,,,,,,,,,,,,,,,,,,,,,,,,,,,,,,,,,,,,," 78.3"," 73.3"," 67.7"," 74.6"," 63.5"," 65"," 65.3"," 53.7"," 44.3"," 45.6"," 40.7"," 27.5"," 21"," 40"," 32.5"," 18.6"
"2023F","OK","CLCCB"," 479"," 307"," 328"," 250"," 192"," 177"," 203"," 153"," 88"," 48"," 57"," 35"," 35"," 43"," 59"," 44"," 51"," 106"," 66"," 308"," 552"," 75"," 291"," 38"," 99"," 54"," 66"," 39"," 137"," 9"," 2"," 21"," 20"," 8"," 22"," 248"," 23"," 4495"," 18"," 35"," 0"," 14"," 21"," 21"," 0"," 19"," 61"," 2"," 0"," 0"," 0"," 0"," 0"," 0"," 0"," 0"," 0"," 0"," 0"," 0"," 0"," 0"," 0"," 0"
"2023F","OK","CLCCP"," 21"," 14"," 14"," 11"," 8"," 8"," 9"," 7"," 4"," 2"," 3"," 2"," 2"," 2"," 3"," 2"," 2"," 5"," 3"," 12"," 24"," 3"," 13"," 2"," 5"," 2"," 3"," 2"," 6"," 0"," 0"," 1"," 1"," 0"," 1"," 10"," 1"," 259"," 1"," 2"," 0"," 1"," 1"," 1"," 0"," 1"," 3"," 0"," 0"," 0"," 0"," 0"," 0"," 0"," 0"," 0"," 0"," 0"," 0"," 0"," 0"," 0"," 0"," 0"
"2023F","OK","CLEIB"," 2"," 236"," 5"," 849"," 232"," 15"," 3"," 3"," 55"," 36"," 24"," 20"," 28"," 52"," 15"," 1"," 0"," 7352"," 35437"," 51795"," 100047"," 143236"," 189292"," 206611"," 215798"," 218842"," 201474"," 227669"," 257273"," 256186"," 266109"," 296622"," 311701"," 328960"," 317306"," 336611"," 356662"," 372025"," 353772"," 343782"," 366888"," 361643"," 376767"," 379431"," 356966"," 381975"," 369332"," 357793"," 377093"," 361213"," 333641"," 366516"," 315553"," 323738"," 322770"," 269221"," 210623"," 189466"," 164264"," 89027"," 66998"," 128136"," 102342"," 60461"
"2023F","OK","CLEIK"," 25.942"," 24.1"," 24.1"," 26.454"," 24.704"," 24"," 24"," 24"," 25.95"," 25.546"," 25.076"," 23"," 25.076"," 25.076"," 25.076"," 25.076"," 0"," 16.803"," 17.08"," 17.409"," 17.393"," 17.118"," 17.06"," 17.157"," 17.207"," 17.168"," 17.326"," 17.703"," 17.823"," 17.763"," 17.792"," 17.885"," 17.73"," 17.571"," 17.541"," 17.463"," 17.482"," 17.589"," 17.677"," 17.57"," 17.717"," 17.641"," 17.635"," 17.582"," 17.59"," 17.401"," 17.431"," 17.413"," 17.174"," 17.234"," 17.231"," 17.202"," 17.227"," 17.226"," 17.221"," 17.206"," 17.307"," 17.319"," 17.216"," 17.102"," 16.875"," 17.235"," 17.481"," 17.196"
"2023F","OK","CLEIP"," 0"," 10"," 0"," 32"," 9"," 1"," 0"," 0"," 2"," 1"," 1"," 1"," 1"," 2"," 1"," 0"," 0"," 438"," 2075"," 2975"," 5752"," 8368"," 11096"," 12042"," 12541"," 12747"," 11628"," 12861"," 14435"," 14423"," 14957"," 16585"," 17580"," 18722"," 18089"," 19276"," 20402"," 21151"," 20013"," 19567"," 20708"," 20500"," 21365"," 21580"," 20294"," 21952"," 21188"," 20547"," 21957"," 20959"," 19363"," 21307"," 18317"," 18794"," 18743"," 15647"," 12170"," 10940"," 9541"," 5206"," 3970"," 7435"," 5854"," 3516"
"2023F","OK","CLGBP",,,,,,,,,,,,,,,,,,,,,,,,,,,,,,,,,,,,,,,,,,,,,,,,," 5302"," 5330"," 5330"," 5307"," 5294"," 5305"," 5257"," 5327"," 4866"," 4335"," 4304"," 3246"," 3255"," 3247"," 3245"," 3273"
"2023F","OK","CLHCK"," 22.727"," 22.708"," 22.702"," 22.683"," 22.665"," 22.608"," 22.521"," 22.428"," 22.415"," 22.254"," 21.836"," 21.662"," 21.6"," 21.624"," 21.28"," 20.673"," 20.965"," 21.305"," 21.531"," 25.722"," 23.291"," 21.667"," 21.842"," 21.318"," 21.501"," 23.394"," 21.895"," 22.901"," 22.03"," 23.174"," 24.834"," 25.968"," 24.88"," 23.898"," 26.026"," 25.894"," 26.128"," 17.353"," 19.939"," 19.779"," 0"," 24.215"," 24.215"," 24.215"," 0"," 24.276"," 24.557"," 24.694"," 0"," 0"," 0"," 0"," 0"," 0"," 0"," 0"," 0"," 0"," 0"," 0"," 0"," 0"," 0"," 0"
"2023F","OK","CLICB"," 645"," 465"," 265"," 241"," 344"," 271"," 220"," 207"," 211"," 0"," 0"," 76"," 75"," 3961"," 4084"," 473"," 1469"," 4881"," 8196"," 8211"," 5600"," 14401"," 14169"," 12639"," 15002"," 18258"," 16386"," 12942"," 11969"," 14131"," 12695"," 16099"," 16611"," 26859"," 16113"," 32993"," 16405"," 15361"," 16272"," 16776"," 14201"," 14454"," 14588"," 14335"," 15127"," 15383"," 15018"," 15422"," 14595"," 12058"," 12406"," 11805"," 11536"," 12188"," 13311"," 11527"," 11220"," 8843"," 7016"," 4926"," 3716"," 3558"," 4513"," 3326"
"2023F","OK","CLICP"," 25"," 18"," 10"," 10"," 14"," 11"," 9"," 8"," 8"," 0"," 0"," 3"," 3"," 170"," 177"," 20"," 69"," 231"," 384"," 391"," 264"," 676"," 669"," 585"," 707"," 852"," 763"," 613"," 563"," 663"," 557"," 676"," 730"," 1198"," 764"," 1455"," 738"," 736"," 698"," 719"," 714"," 724"," 724"," 702"," 714"," 727"," 732"," 747"," 713"," 630"," 650"," 625"," 606"," 634"," 691"," 602"," 591"," 474"," 356"," 241"," 157"," 148"," 201"," 156"
"2023F","OK","CLKCB"," 0"," 0"," 0"," 0"," 0"," 0"," 0"," 0"," 0"," 0"," 0"," 0"," 0"," 0"," 0"," 0"," 0"," 0"," 0"," 0"," 0"," 0"," 0"," 0"," 0"," 0"," 0"," 0"," 0"," 0"," 0"," 0"," 0"," 0"," 0"," 0"," 0"," 0"," 0"," 0"," 0"," 0"," 0"," 0"," 0"," 0"," 0"," 0"," 0"," 0"," 0"," 0"," 0"," 0"," 0"," 0"," 0"," 0"," 0"," 0"," 0"," 0"," 0"," 0"
"2023F","OK","CLKCK"," 0"," 0"," 0"," 0"," 0"," 0"," 0"," 0"," 0"," 0"," 0"," 0"," 0"," 0"," 0"," 0"," 0"," 0"," 0"," 0"," 0"," 0"," 0"," 0"," 0"," 0"," 0"," 0"," 0"," 0"," 0"," 0"," 0"," 0"," 0"," 0"," 0"," 0"," 0"," 0"," 0"," 0"," 0"," 0"," 0"," 0"," 0"," 0"," 0"," 0"," 0"," 0"," 0"," 0"," 0"," 0"," 0"," 0"," 0"," 0"," 0"," 0"," 0"," 0"
"2023F","OK","CLKCP"," 0"," 0"," 0"," 0"," 0"," 0"," 0"," 0"," 0"," 0"," 0"," 0"," 0"," 0"," 0"," 0"," 0"," 0"," 0"," 0"," 0"," 0"," 0"," 0"," 0"," 0"," 0"," 0"," 0"," 0"," 0"," 0"," 0"," 0"," 0"," 0"," 0"," 0"," 0"," 0"," 0"," 0"," 0"," 0"," 0"," 0"," 0"," 0"," 0"," 0"," 0"," 0"," 0"," 0"," 0"," 0"," 0"," 0"," 0"," 0"," 0"," 0"," 0"," 0"
"2023F","OK","CLOCB"," 645"," 465"," 265"," 241"," 344"," 271"," 220"," 207"," 211"," 0"," 0"," 76"," 75"," 3961"," 4084"," 473"," 1469"," 4881"," 8196"," 8211"," 5600"," 14401"," 14169"," 12639"," 15002"," 18258"," 16386"," 12942"," 11969"," 14131"," 12695"," 16099"," 16611"," 26859"," 16113"," 32993"," 16405"," 15361"," 16272"," 16776"," 14201"," 14454"," 14588"," 14335"," 15127"," 15383"," 15018"," 15422"," 14595"," 12058"," 12406"," 11805"," 11536"," 12188"," 13311"," 11527"," 11220"," 8843"," 7016"," 4926"," 3716"," 3558"," 4513"," 3326"
"2023F","OK","CLOCK"," 25.383"," 25.347"," 25.336"," 25.301"," 25.266"," 25.16"," 24.995"," 24.818"," 24.795"," 0"," 0"," 23.37"," 23.253"," 23.3"," 23.13"," 23.439"," 21.249"," 21.137"," 21.328"," 20.976"," 21.212"," 21.301"," 21.174"," 21.606"," 21.225"," 21.434"," 21.489"," 21.103"," 21.26"," 21.314"," 22.802"," 23.805"," 22.755"," 22.428"," 21.09"," 22.675"," 22.232"," 20.884"," 23.329"," 23.329"," 19.882"," 19.973"," 20.142"," 20.433"," 21.175"," 21.156"," 20.513"," 20.643"," 20.469"," 19.145"," 19.085"," 18.887"," 19.041"," 19.218"," 19.256"," 19.149"," 18.974"," 18.665"," 19.735"," 20.449"," 23.639"," 23.988"," 22.481"," 21.381"
"2023F","OK","CLOCP"," 25"," 18"," 10"," 10"," 14"," 11"," 9"," 8"," 8"," 0"," 0"," 3"," 3"," 170"," 177"," 20"," 69"," 231"," 384"," 391"," 264"," 676"," 669"," 585"," 707"," 852"," 763"," 613"," 563"," 663"," 557"," 676"," 730"," 1198"," 764"," 1455"," 738"," 736"," 698"," 719"," 714"," 724"," 724"," 702"," 714"," 727"," 732"," 747"," 713"," 630"," 650"," 625"," 606"," 634"," 691"," 602"," 591"," 474"," 356"," 241"," 157"," 148"," 201"," 156"
"2023F","OK","CLRCB"," 689"," 442"," 473"," 345"," 266"," 234"," 269"," 203"," 112"," 61"," 73"," 34"," 27"," 26"," 28"," 19"," 21"," 41"," 20"," 77"," 147"," 16"," 60"," 7"," 23"," 15"," 20"," 12"," 39"," 2"," 0"," 5"," 4"," 2"," 4"," 37"," 3"," 556"," 2"," 5"," 0"," 2"," 3"," 3"," 0"," 2"," 6"," 0"," 0"," 0"," 0"," 0"," 0"," 0"," 0"," 0"," 0"," 0"," 0"," 0"," 0"," 0"," 0"," 0"
"2023F","OK","CLRCP"," 30"," 19"," 21"," 15"," 12"," 10"," 12"," 9"," 5"," 3"," 3"," 2"," 1"," 1"," 1"," 1"," 1"," 2"," 1"," 3"," 6"," 1"," 3"," 0"," 1"," 1"," 1"," 1"," 2"," 0"," 0"," 0"," 0"," 0"," 0"," 1"," 0"," 32"," 0"," 0"," 0"," 0"," 0"," 0"," 0"," 0"," 0"," 0"," 0"," 0"," 0"," 0"," 0"," 0"," 0"," 0"," 0"," 0"," 0"," 0"," 0"," 0"," 0"," 0"
"2023F","OK","CLTCB"," 1826"," 1452"," 1072"," 1685"," 1035"," 697"," 695"," 567"," 465"," 144"," 154"," 164"," 165"," 4085"," 4187"," 537"," 1541"," 12381"," 43718"," 60391"," 106346"," 157728"," 203812"," 219296"," 230922"," 237168"," 217945"," 240662"," 269419"," 270329"," 278807"," 312747"," 328337"," 355829"," 333445"," 369889"," 373093"," 392437"," 370064"," 360598"," 381089"," 376112"," 391379"," 393790"," 372093"," 397379"," 384418"," 373217"," 391688"," 373271"," 346047"," 378320"," 327089"," 335925"," 336080"," 280748"," 221842"," 198309"," 171280"," 93953"," 70714"," 131695"," 106855"," 63787"
"2023F","OK","CLTCP"," 77"," 61"," 46"," 68"," 43"," 30"," 30"," 24"," 20"," 6"," 7"," 7"," 7"," 175"," 181"," 23"," 73"," 675"," 2463"," 3382"," 6046"," 9048"," 11781"," 12629"," 13254"," 13602"," 12395"," 13476"," 15006"," 15086"," 15514"," 17263"," 18311"," 19920"," 18854"," 20742"," 21141"," 22178"," 20711"," 20288"," 21422"," 21224"," 22090"," 22283"," 21008"," 22680"," 21923"," 21295"," 22670"," 21589"," 20013"," 21932"," 18923"," 19428"," 19434"," 16249"," 12761"," 11413"," 9897"," 5446"," 4127"," 7583"," 6055"," 3671"
"2023F","OK","CLTXB"," 1824"," 1216"," 1067"," 836"," 803"," 682"," 693"," 564"," 411"," 108"," 130"," 144"," 137"," 4033"," 4172"," 536"," 1541"," 5029"," 8281"," 8595"," 6299"," 14492"," 14520"," 12684"," 15124"," 18326"," 16471"," 12993"," 12146"," 14143"," 12698"," 16125"," 16636"," 26869"," 16139"," 33278"," 16431"," 20412"," 16292"," 16816"," 14201"," 14470"," 14613"," 14359"," 15127"," 15404"," 15086"," 15424"," 14595"," 12058"," 12406"," 11805"," 11536"," 12188"," 13311"," 11527"," 11220"," 8843"," 7016"," 4926"," 3716"," 3558"," 4513"," 3326"
"2023F","OK","CLTXP"," 77"," 51"," 46"," 36"," 34"," 29"," 30"," 24"," 17"," 5"," 6"," 6"," 6"," 173"," 181"," 23"," 73"," 238"," 388"," 406"," 294"," 680"," 685"," 587"," 712"," 855"," 766"," 616"," 571"," 663"," 557"," 677"," 731"," 1198"," 765"," 1466"," 739"," 1027"," 699"," 721"," 714"," 724"," 725"," 703"," 714"," 728"," 735"," 747"," 713"," 630"," 650"," 625"," 606"," 634"," 691"," 602"," 591"," 474"," 356"," 241"," 157"," 148"," 201"," 156"
"2023F","OK","COICB"," 0"," 0"," 0"," 0"," 0"," 0"," 0"," 0"," 0"," 0"," 0"," 0"," 0"," 0"," 0"," 0"," 0"," 0"," 0"," 0"," 0"," 0"," 0"," 0"," 0"," 0"," 0"," 0"," 0"," 0"," 0"," 0"," 0"," 0"," 0"," 0"," 0"," 0"," 0"," 0"," 0"," 0"," 0"," 0"," 0"," 0"," 0"," 0"," 0"," 0"," 0"," 0"," 0"," 0"," 0"," 0"," 0"," 0"," 0"," 0"," 0"," 0"," 0"," 0"
"2023F","OK","COICP"," 0"," 0"," 0"," 0"," 0"," 0"," 0"," 0"," 0"," 0"," 0"," 0"," 0"," 0"," 0"," 0"," 0"," 0"," 0"," 0"," 0"," 0"," 0"," 0"," 0"," 0"," 0"," 0"," 0"," 0"," 0"," 0"," 0"," 0"," 0"," 0"," 0"," 0"," 0"," 0"," 0"," 0"," 0"," 0"," 0"," 0"," 0"," 0"," 0"," 0"," 0"," 0"," 0"," 0"," 0"," 0"," 0"," 0"," 0"," 0"," 0"," 0"," 0"," 0"
"2023F","OK","CYCAS",,,,,,,,,,,,,,,,,,,,,,,,,,,,,,,,,,,,,,,,,,,,,,,,," 40.7"," 45.3"," 41"," 38.8"," 45.4"," 37.2"," 36"," 51.6"," 51.3"," 44.4"," 56.2"," 57.6"," 56.5"," 42.4"," 35.7"," 54.7"
"2023F","OK","DAACB"," 7716"," 7768"," 8803"," 12525"," 13488"," 9213"," 10467"," 11722"," 16638"," 16513"," 19521"," 16153"," 21665"," 23849"," 24939"," 28014"," 33044"," 36172"," 39292"," 47465"," 46775"," 56961"," 56302"," 58216"," 59466"," 61812"," 57319"," 61874"," 64336"," 63584"," 65396"," 60421"," 66325"," 73031"," 74823"," 78576"," 93525"," 98152"," 102838"," 109641"," 143068"," 178069"," 156668"," 154881"," 109301"," 141357"," 161425"," 168324"," 175307"," 153419"," 155703"," 158850"," 147009"," 140119"," 150836"," 151165"," 145679"," 156202"," 153558"," 147951"," 139629"," 144438"," 146984"," 144267"
"2023F","OK","DAACP"," 1325"," 1334"," 1511"," 2150"," 2315"," 1582"," 1797"," 2012"," 2856"," 2835"," 3351"," 2773"," 3719"," 4094"," 4281"," 4809"," 5673"," 6210"," 6745"," 8149"," 8030"," 9779"," 9666"," 9994"," 10209"," 10611"," 9840"," 10622"," 11045"," 10916"," 11227"," 10373"," 11386"," 12537"," 12856"," 13501"," 16070"," 16865"," 17673"," 18842"," 24586"," 30601"," 26923"," 26617"," 18787"," 24296"," 27818"," 29102"," 30330"," 26560"," 26963"," 27539"," 25497"," 24327"," 26185"," 26241"," 25316"," 27142"," 26669"," 25690"," 24256"," 25079"," 25517"," 25062"
"2023F","OK","DACCB"," 420"," 699"," 569"," 529"," 360"," 396"," 525"," 580"," 710"," 701"," 552"," 968"," 2099"," 2409"," 2413"," 2363"," 3186"," 2851"," 3460"," 1220"," 1838"," 3051"," 912"," 3479"," 4273"," 4262"," 1727"," 2616"," 3829"," 4328"," 3646"," 2819"," 2163"," 1895"," 1393"," 1571"," 2228"," 3296"," 3602"," 2108"," 1411"," 3914"," 2035"," 569"," 1707"," 1464"," 1693"," 2735"," 3546"," 4285"," 3758"," 3094"," 3965"," 3394"," 3699"," 4829"," 5478"," 5928"," 3209"," 4760"," 4555"," 3952"," 4091"," 3824"
"2023F","OK","DACCP"," 72"," 120"," 98"," 91"," 62"," 68"," 90"," 100"," 122"," 120"," 95"," 166"," 360"," 414"," 414"," 406"," 547"," 489"," 594"," 209"," 315"," 524"," 157"," 597"," 734"," 732"," 296"," 449"," 657"," 743"," 626"," 484"," 371"," 325"," 239"," 270"," 383"," 566"," 619"," 362"," 242"," 673"," 350"," 98"," 293"," 252"," 292"," 473"," 614"," 742"," 651"," 536"," 688"," 588"," 641"," 836"," 949"," 1027"," 556"," 825"," 789"," 685"," 709"," 663"
"2023F","OK","DAEIB"," 154"," 125"," 165"," 297"," 227"," 131"," 127"," 113"," 161"," 128"," 300"," 262"," 309"," 288"," 230"," 323"," 299"," 418"," 491"," 350"," 345"," 218"," 329"," 289"," 340"," 457"," 673"," 391"," 325"," 306"," 164"," 152"," 104"," 121"," 109"," 99"," 488"," 119"," 105"," 141"," 451"," 1493"," 105"," 891"," 183"," 131"," 268"," 339"," 133"," 135"," 139"," 175"," 121"," 105"," 126"," 98"," 178"," 158"," 179"," 188"," 291"," 382"," 307"," 216"
"2023F","OK","DAEIP"," 26"," 21"," 28"," 51"," 39"," 22"," 22"," 19"," 28"," 22"," 51"," 45"," 53"," 49"," 40"," 55"," 51"," 72"," 84"," 60"," 59"," 37"," 56"," 50"," 58"," 79"," 116"," 67"," 56"," 52"," 28"," 26"," 18"," 21"," 19"," 17"," 84"," 20"," 18"," 24"," 77"," 257"," 18"," 153"," 31"," 23"," 46"," 59"," 23"," 23"," 24"," 30"," 21"," 18"," 22"," 17"," 31"," 27"," 31"," 33"," 51"," 66"," 53"," 38"
"2023F","OK","DAICB"," 6950"," 9731"," 9277"," 8286"," 5275"," 7005"," 9435"," 10216"," 12546"," 11326"," 12139"," 14492"," 22141"," 25525"," 23892"," 24269"," 32437"," 35999"," 41195"," 35742"," 21582"," 29428"," 26984"," 34211"," 42020"," 42029"," 21339"," 18785"," 19404"," 18854"," 20921"," 18597"," 24276"," 18322"," 18464"," 16721"," 19719"," 20152"," 19372"," 16996"," 19441"," 21931"," 20129"," 21928"," 21206"," 20064"," 22036"," 23786"," 23989"," 12194"," 15053"," 14704"," 25874"," 26142"," 33116"," 21854"," 23306"," 38016"," 34707"," 26135"," 13864"," 28607"," 28918"," 28225"
"2023F","OK","DAICP"," 1193"," 1671"," 1593"," 1423"," 906"," 1203"," 1620"," 1754"," 2154"," 1944"," 2084"," 2488"," 3801"," 4382"," 4102"," 4166"," 5569"," 6180"," 7072"," 6136"," 3705"," 5052"," 4632"," 5873"," 7214"," 7215"," 3663"," 3225"," 3331"," 3237"," 3592"," 3193"," 4167"," 3145"," 3172"," 2873"," 3388"," 3462"," 3329"," 2921"," 3341"," 3769"," 3459"," 3768"," 3645"," 3449"," 3797"," 4112"," 4150"," 2111"," 2607"," 2548"," 4487"," 4536"," 5746"," 3793"," 4048"," 6603"," 6027"," 4538"," 2409"," 4963"," 5016"," 4897"
"2023F","OK","DARCB"," 12"," 20"," 17"," 15"," 10"," 12"," 15"," 17"," 21"," 20"," 16"," 28"," 61"," 70"," 70"," 69"," 93"," 83"," 101"," 36"," 88"," 558"," 6"," 438"," 537"," 498"," 183"," 64"," 171"," 3"," 1"," 0"," 11"," 1"," 1"," 63"," 135"," 21"," 7"," 12"," 14"," 15"," 11"," 6"," 5"," 6"," 6"," 174"," 6"," 17"," 15"," 74"," 42"," 37"," 21"," 6"," 24"," 9"," 12"," 16"," 271"," 24"," 25"," 24"
"2023F","OK","DARCP"," 2"," 3"," 3"," 3"," 2"," 2"," 3"," 3"," 4"," 4"," 3"," 5"," 10"," 12"," 12"," 12"," 16"," 14"," 17"," 6"," 15"," 96"," 1"," 75"," 92"," 86"," 31"," 11"," 29"," 0"," 0"," 0"," 2"," 0"," 0"," 11"," 23"," 4"," 1"," 2"," 2"," 3"," 2"," 1"," 1"," 1"," 1"," 30"," 1"," 3"," 3"," 13"," 7"," 6"," 4"," 1"," 4"," 2"," 2"," 3"," 47"," 4"," 4"," 4"
"2023F","OK","DATCB"," 15251"," 18344"," 18831"," 21653"," 19360"," 16757"," 20569"," 22648"," 30077"," 28689"," 32528"," 31904"," 46276"," 52140"," 51544"," 55038"," 69059"," 75524"," 84539"," 84813"," 70627"," 90215"," 84533"," 96633"," 106638"," 109059"," 81241"," 83731"," 88065"," 87073"," 90128"," 81988"," 92878"," 93369"," 94790"," 97031"," 116096"," 121740"," 125923"," 128898"," 164384"," 205421"," 178949"," 178275"," 132401"," 163021"," 185428"," 195359"," 202982"," 170049"," 174668"," 176897"," 177010"," 169797"," 187798"," 177951"," 174664"," 200313"," 191665"," 179049"," 158609"," 177403"," 180325"," 176555"
"2023F","OK","DATCP"," 2618"," 3149"," 3233"," 3717"," 3324"," 2877"," 3531"," 3888"," 5163"," 4925"," 5584"," 5477"," 7944"," 8951"," 8849"," 9449"," 11856"," 12965"," 14513"," 14560"," 12125"," 15488"," 14512"," 16589"," 18307"," 18723"," 13947"," 14374"," 15118"," 14948"," 15473"," 14075"," 15945"," 16029"," 16287"," 16672"," 19948"," 20917"," 21640"," 22151"," 28249"," 35302"," 30752"," 30637"," 22757"," 28020"," 31954"," 33776"," 35118"," 29439"," 30247"," 30667"," 30699"," 29475"," 32598"," 30888"," 30348"," 34802"," 33285"," 31089"," 27551"," 30797"," 31300"," 30663"
"2023F","OK","DFACB"," 7716"," 7768"," 8803"," 12525"," 13488"," 9213"," 10467"," 11722"," 16638"," 16513"," 19521"," 16153"," 21665"," 23849"," 24939"," 28014"," 33044"," 36172"," 39292"," 47465"," 46775"," 56961"," 56302"," 58216"," 59466"," 61812"," 57319"," 61874"," 64336"," 63584"," 65396"," 60421"," 66325"," 73031"," 74823"," 78576"," 93525"," 98152"," 102838"," 109641"," 143068"," 178069"," 156668"," 154881"," 109301"," 141357"," 161425"," 168324"," 175307"," 153419"," 155703"," 158850"," 147009"," 140119"," 150836"," 151165"," 145679"," 156202"," 153558"," 147951"," 139629"," 142427"," 145054"," 141471"
"2023F","OK","DFACP"," 1325"," 1334"," 1511"," 2150"," 2315"," 1582"," 1797"," 2012"," 2856"," 2835"," 3351"," 2773"," 3719"," 4094"," 4281"," 4809"," 5673"," 6210"," 6745"," 8149"," 8030"," 9779"," 9666"," 9994"," 10209"," 10611"," 9840"," 10622"," 11045"," 10916"," 11227"," 10373"," 11386"," 12537"," 12856"," 13501"," 16070"," 16865"," 17673"," 18842"," 24586"," 30601"," 26923"," 26617"," 18787"," 24296"," 27818"," 29102"," 30330"," 26560"," 26963"," 27539"," 25497"," 24327"," 26185"," 26241"," 25316"," 27142"," 26669"," 25690"," 24256"," 24704"," 25157"," 24540"
"2023F","OK","DFCCB"," 420"," 699"," 569"," 529"," 360"," 396"," 525"," 580"," 710"," 701"," 552"," 968"," 2099"," 2409"," 2413"," 2363"," 3186"," 2851"," 3460"," 1220"," 1838"," 3051"," 912"," 3479"," 4273"," 4262"," 1727"," 2616"," 3829"," 4328"," 3646"," 2819"," 2163"," 1895"," 1393"," 1571"," 2228"," 3296"," 3602"," 2108"," 1411"," 3914"," 2035"," 569"," 1707"," 1464"," 1693"," 2735"," 3546"," 4285"," 3758"," 3094"," 3965"," 3394"," 3699"," 4829"," 5478"," 5928"," 3209"," 4760"," 4555"," 3952"," 4091"," 3824"
"2023F","OK","DFCCP"," 72"," 120"," 98"," 91"," 62"," 68"," 90"," 100"," 122"," 120"," 95"," 166"," 360"," 414"," 414"," 406"," 547"," 489"," 594"," 209"," 315"," 524"," 157"," 597"," 734"," 732"," 296"," 449"," 657"," 743"," 626"," 484"," 371"," 325"," 239"," 270"," 383"," 566"," 619"," 362"," 242"," 673"," 350"," 98"," 293"," 252"," 292"," 473"," 614"," 742"," 651"," 536"," 688"," 588"," 641"," 836"," 949"," 1027"," 556"," 825"," 789"," 685"," 709"," 663"
"2023F","OK","DFEIB"," 154"," 125"," 165"," 297"," 227"," 131"," 127"," 113"," 161"," 128"," 300"," 262"," 309"," 288"," 230"," 323"," 299"," 418"," 491"," 350"," 345"," 218"," 329"," 289"," 340"," 457"," 673"," 391"," 325"," 306"," 164"," 152"," 104"," 121"," 109"," 99"," 488"," 119"," 105"," 141"," 451"," 1493"," 105"," 891"," 183"," 131"," 268"," 339"," 133"," 135"," 139"," 175"," 121"," 105"," 126"," 98"," 178"," 158"," 179"," 188"," 291"," 382"," 307"," 216"
"2023F","OK","DFEIP"," 26"," 21"," 28"," 51"," 39"," 22"," 22"," 19"," 28"," 22"," 51"," 45"," 53"," 49"," 40"," 55"," 51"," 72"," 84"," 60"," 59"," 37"," 56"," 50"," 58"," 79"," 116"," 67"," 56"," 52"," 28"," 26"," 18"," 21"," 19"," 17"," 84"," 20"," 18"," 24"," 77"," 257"," 18"," 153"," 31"," 23"," 46"," 59"," 23"," 23"," 24"," 30"," 21"," 18"," 22"," 17"," 31"," 27"," 31"," 33"," 51"," 66"," 53"," 38"
"2023F","OK","DFICB"," 6950"," 9731"," 9277"," 8286"," 5275"," 7005"," 9435"," 10216"," 12546"," 11326"," 12139"," 14492"," 22141"," 25525"," 23892"," 24269"," 32437"," 35999"," 41195"," 35742"," 21582"," 29428"," 26984"," 34211"," 42020"," 42029"," 21339"," 18785"," 19404"," 18854"," 20921"," 18597"," 24276"," 18322"," 18464"," 16721"," 19719"," 20152"," 19372"," 16996"," 19441"," 21931"," 20129"," 21928"," 21206"," 20064"," 22036"," 23786"," 23989"," 12194"," 15053"," 14704"," 25874"," 26142"," 33116"," 21854"," 23306"," 38016"," 34707"," 26135"," 13864"," 28607"," 28918"," 28225"
"2023F","OK","DFICP"," 1193"," 1671"," 1593"," 1423"," 906"," 1203"," 1620"," 1754"," 2154"," 1944"," 2084"," 2488"," 3801"," 4382"," 4102"," 4166"," 5569"," 6180"," 7072"," 6136"," 3705"," 5052"," 4632"," 5873"," 7214"," 7215"," 3663"," 3225"," 3331"," 3237"," 3592"," 3193"," 4167"," 3145"," 3172"," 2873"," 3388"," 3462"," 3329"," 2921"," 3341"," 3769"," 3459"," 3768"," 3645"," 3449"," 3797"," 4112"," 4150"," 2111"," 2607"," 2548"," 4487"," 4536"," 5746"," 3793"," 4048"," 6603"," 6027"," 4538"," 2409"," 4963"," 5016"," 4897"
"2023F","OK","DFRCB"," 12"," 20"," 17"," 15"," 10"," 12"," 15"," 17"," 21"," 20"," 16"," 28"," 61"," 70"," 70"," 69"," 93"," 83"," 101"," 36"," 88"," 558"," 6"," 438"," 537"," 498"," 183"," 64"," 171"," 3"," 1"," 0"," 11"," 1"," 1"," 63"," 135"," 21"," 7"," 12"," 14"," 15"," 11"," 6"," 5"," 6"," 6"," 174"," 6"," 17"," 15"," 74"," 42"," 37"," 21"," 6"," 24"," 9"," 12"," 16"," 271"," 24"," 25"," 24"
"2023F","OK","DFRCP"," 2"," 3"," 3"," 3"," 2"," 2"," 3"," 3"," 4"," 4"," 3"," 5"," 10"," 12"," 12"," 12"," 16"," 14"," 17"," 6"," 15"," 96"," 1"," 75"," 92"," 86"," 31"," 11"," 29"," 0"," 0"," 0"," 2"," 0"," 0"," 11"," 23"," 4"," 1"," 2"," 2"," 3"," 2"," 1"," 1"," 1"," 1"," 30"," 1"," 3"," 3"," 13"," 7"," 6"," 4"," 1"," 4"," 2"," 2"," 3"," 47"," 4"," 4"," 4"
"2023F","OK","DFTCB"," 15251"," 18344"," 18831"," 21653"," 19360"," 16757"," 20569"," 22648"," 30077"," 28689"," 32528"," 31904"," 46276"," 52140"," 51544"," 55038"," 69059"," 75524"," 84539"," 84813"," 70627"," 90215"," 84533"," 96633"," 106638"," 109059"," 81241"," 83731"," 88065"," 87073"," 90128"," 81988"," 92878"," 93369"," 94790"," 97031"," 116096"," 121740"," 125923"," 128898"," 164384"," 205421"," 178949"," 178275"," 132401"," 163021"," 185428"," 195359"," 202982"," 170049"," 174668"," 176897"," 177010"," 169797"," 187798"," 177951"," 174664"," 200313"," 191665"," 179049"," 158609"," 175392"," 178396"," 173760"
"2023F","OK","DFTCP"," 2618"," 3149"," 3233"," 3717"," 3324"," 2877"," 3531"," 3888"," 5163"," 4925"," 5584"," 5477"," 7944"," 8951"," 8849"," 9449"," 11856"," 12965"," 14513"," 14560"," 12125"," 15488"," 14512"," 16589"," 18307"," 18723"," 13947"," 14374"," 15118"," 14948"," 15473"," 14075"," 15945"," 16029"," 16287"," 16672"," 19948"," 20917"," 21640"," 22151"," 28249"," 35302"," 30752"," 30637"," 22757"," 28020"," 31954"," 33776"," 35118"," 29439"," 30247"," 30667"," 30699"," 29475"," 32598"," 30888"," 30348"," 34802"," 33285"," 31089"," 27551"," 30422"," 30940"," 30141"
"2023F","OK","DFTXB"," 15098"," 18219"," 18666"," 21356"," 19133"," 16626"," 20442"," 22535"," 29915"," 28562"," 32228"," 31642"," 45967"," 51853"," 51314"," 54715"," 68760"," 75106"," 84048"," 84463"," 70282"," 89997"," 84204"," 96344"," 106297"," 108601"," 80568"," 83340"," 87740"," 86768"," 89964"," 81837"," 92775"," 93249"," 94681"," 96932"," 115608"," 121620"," 125819"," 128757"," 163933"," 203928"," 178843"," 177384"," 132219"," 162890"," 185160"," 195020"," 202849"," 169915"," 174530"," 176722"," 176890"," 169692"," 187672"," 177854"," 174486"," 200155"," 191487"," 178861"," 158318"," 175010"," 178089"," 173543"
"2023F","OK","DFTXP"," 2592"," 3128"," 3204"," 3666"," 3285"," 2854"," 3509"," 3869"," 5136"," 4903"," 5533"," 5432"," 7891"," 8902"," 8809"," 9393"," 11804"," 12894"," 14429"," 14500"," 12066"," 15450"," 14456"," 16540"," 18248"," 18644"," 13831"," 14307"," 15063"," 14896"," 15444"," 14049"," 15927"," 16008"," 16268"," 16655"," 19864"," 20897"," 21622"," 22127"," 28172"," 35045"," 30734"," 30484"," 22726"," 27998"," 31908"," 33717"," 35095"," 29415"," 30223"," 30636"," 30678"," 29457"," 32576"," 30871"," 30318"," 34774"," 33254"," 31056"," 27501"," 30356"," 30887"," 30104"
"2023F","OK","DKEIB"," 154"," 125"," 165"," 297"," 227"," 131"," 127"," 113"," 161"," 128"," 300"," 262"," 309"," 288"," 230"," 323"," 299"," 418"," 491"," 350"," 345"," 218"," 329"," 289"," 340"," 457"," 673"," 391"," 325"," 306"," 164"," 152"," 104"," 121"," 109"," 99"," 488"," 119"," 105"," 141"," 451"," 1493"," 105"," 891"," 183"," 131"," 268"," 339"," 133"," 135"," 139"," 175"," 121"," 105"," 126"," 98"," 178"," 158"," 179"," 188"," 291"," 382"," 307"," 216"
"2023F","OK","DKEIP"," 26"," 21"," 28"," 51"," 39"," 22"," 22"," 19"," 28"," 22"," 51"," 45"," 53"," 49"," 40"," 55"," 51"," 72"," 84"," 60"," 59"," 37"," 56"," 50"," 58"," 79"," 116"," 67"," 56"," 52"," 28"," 26"," 18"," 21"," 19"," 17"," 84"," 20"," 18"," 24"," 77"," 257"," 18"," 153"," 31"," 23"," 46"," 59"," 23"," 23"," 24"," 30"," 21"," 18"," 22"," 17"," 31"," 27"," 31"," 33"," 51"," 66"," 53"," 38"
"2023F","OK","DMACB"," 7716"," 7768"," 8803"," 12525"," 13488"," 9213"," 10467"," 11722"," 16638"," 16513"," 19521"," 16153"," 21665"," 23849"," 24939"," 28014"," 33044"," 36172"," 39292"," 47465"," 46775"," 56961"," 56302"," 58216"," 59466"," 61812"," 57319"," 61874"," 64336"," 63584"," 65396"," 60421"," 66325"," 73031"," 74823"," 78576"," 93525"," 98152"," 102838"," 109641"," 143068"," 178069"," 156668"," 154881"," 109301"," 141357"," 161425"," 168324"," 175307"," 151851"," 154584"," 156080"," 144300"," 135684"," 146527"," 146961"," 139562"," 150207"," 148675"," 143929"," 135369"," 140938"," 143693"," 139823"
"2023F","OK","DMACP"," 1325"," 1334"," 1511"," 2150"," 2315"," 1582"," 1797"," 2012"," 2856"," 2835"," 3351"," 2773"," 3719"," 4094"," 4281"," 4809"," 5673"," 6210"," 6745"," 8149"," 8030"," 9779"," 9666"," 9994"," 10209"," 10611"," 9840"," 10622"," 11045"," 10916"," 11227"," 10373"," 11386"," 12537"," 12856"," 13501"," 16070"," 16865"," 17673"," 18842"," 24586"," 30601"," 26923"," 26617"," 18787"," 24296"," 27818"," 29102"," 30330"," 26267"," 26754"," 27022"," 24991"," 23499"," 25381"," 25457"," 24175"," 26023"," 25758"," 24940"," 23461"," 24426"," 24903"," 24233"
"2023F","OK","DMCCB"," 420"," 699"," 569"," 529"," 360"," 396"," 525"," 580"," 710"," 701"," 552"," 968"," 2099"," 2409"," 2413"," 2363"," 3186"," 2851"," 3460"," 1220"," 1838"," 3051"," 912"," 3479"," 4273"," 4262"," 1727"," 2616"," 3829"," 4328"," 3646"," 2819"," 2163"," 1895"," 1393"," 1571"," 2228"," 3296"," 3602"," 2108"," 1411"," 3914"," 2035"," 569"," 1707"," 1464"," 1693"," 2735"," 3546"," 4285"," 3758"," 3094"," 3965"," 3394"," 3699"," 4829"," 5478"," 5928"," 3209"," 4760"," 4555"," 3952"," 4091"," 3824"
"2023F","OK","DMCCP"," 72"," 120"," 98"," 91"," 62"," 68"," 90"," 100"," 122"," 120"," 95"," 166"," 360"," 414"," 414"," 406"," 547"," 489"," 594"," 209"," 315"," 524"," 157"," 597"," 734"," 732"," 296"," 449"," 657"," 743"," 626"," 484"," 371"," 325"," 239"," 270"," 383"," 566"," 619"," 362"," 242"," 673"," 350"," 98"," 293"," 252"," 292"," 473"," 614"," 742"," 651"," 536"," 688"," 588"," 641"," 836"," 949"," 1027"," 556"," 825"," 789"," 685"," 709"," 663"
"2023F","OK","DMEIB"," 154"," 125"," 165"," 297"," 227"," 131"," 127"," 113"," 161"," 128"," 300"," 262"," 309"," 288"," 230"," 323"," 299"," 418"," 491"," 350"," 345"," 218"," 329"," 289"," 340"," 457"," 673"," 391"," 325"," 306"," 164"," 152"," 104"," 121"," 109"," 99"," 488"," 119"," 105"," 141"," 451"," 1493"," 105"," 891"," 183"," 131"," 268"," 339"," 133"," 135"," 139"," 175"," 121"," 105"," 126"," 98"," 178"," 158"," 179"," 188"," 291"," 382"," 307"," 216"
"2023F","OK","DMEIP"," 26"," 21"," 28"," 51"," 39"," 22"," 22"," 19"," 28"," 22"," 51"," 45"," 53"," 49"," 40"," 55"," 51"," 72"," 84"," 60"," 59"," 37"," 56"," 50"," 58"," 79"," 116"," 67"," 56"," 52"," 28"," 26"," 18"," 21"," 19"," 17"," 84"," 20"," 18"," 24"," 77"," 257"," 18"," 153"," 31"," 23"," 46"," 59"," 23"," 23"," 24"," 30"," 21"," 18"," 22"," 17"," 31"," 27"," 31"," 33"," 51"," 66"," 53"," 38"
"2023F","OK","DMICB"," 6950"," 9731"," 9277"," 8286"," 5275"," 7005"," 9435"," 10216"," 12546"," 11326"," 12139"," 14492"," 22141"," 25525"," 23892"," 24269"," 32437"," 35999"," 41195"," 35742"," 21582"," 29428"," 26984"," 34211"," 42020"," 42029"," 21339"," 18785"," 19404"," 18854"," 20921"," 18597"," 24276"," 18322"," 18464"," 16721"," 19719"," 20152"," 19372"," 16996"," 19441"," 21931"," 20129"," 21928"," 21206"," 20064"," 22036"," 23786"," 23989"," 12194"," 15053"," 14704"," 25874"," 26142"," 33116"," 21854"," 23306"," 38016"," 34707"," 26135"," 13864"," 28607"," 28918"," 28225"
"2023F","OK","DMICP"," 1193"," 1671"," 1593"," 1423"," 906"," 1203"," 1620"," 1754"," 2154"," 1944"," 2084"," 2488"," 3801"," 4382"," 4102"," 4166"," 5569"," 6180"," 7072"," 6136"," 3705"," 5052"," 4632"," 5873"," 7214"," 7215"," 3663"," 3225"," 3331"," 3237"," 3592"," 3193"," 4167"," 3145"," 3172"," 2873"," 3388"," 3462"," 3329"," 2921"," 3341"," 3769"," 3459"," 3768"," 3645"," 3449"," 3797"," 4112"," 4150"," 2111"," 2607"," 2548"," 4487"," 4536"," 5746"," 3793"," 4048"," 6603"," 6027"," 4538"," 2409"," 4963"," 5016"," 4897"
"2023F","OK","DMRCB"," 12"," 20"," 17"," 15"," 10"," 12"," 15"," 17"," 21"," 20"," 16"," 28"," 61"," 70"," 70"," 69"," 93"," 83"," 101"," 36"," 88"," 558"," 6"," 438"," 537"," 498"," 183"," 64"," 171"," 3"," 1"," 0"," 11"," 1"," 1"," 63"," 135"," 21"," 7"," 12"," 14"," 15"," 11"," 6"," 5"," 6"," 6"," 174"," 6"," 17"," 15"," 74"," 42"," 37"," 21"," 6"," 24"," 9"," 12"," 16"," 271"," 24"," 25"," 24"
"2023F","OK","DMRCP"," 2"," 3"," 3"," 3"," 2"," 2"," 3"," 3"," 4"," 4"," 3"," 5"," 10"," 12"," 12"," 12"," 16"," 14"," 17"," 6"," 15"," 96"," 1"," 75"," 92"," 86"," 31"," 11"," 29"," 0"," 0"," 0"," 2"," 0"," 0"," 11"," 23"," 4"," 1"," 2"," 2"," 3"," 2"," 1"," 1"," 1"," 1"," 30"," 1"," 3"," 3"," 13"," 7"," 6"," 4"," 1"," 4"," 2"," 2"," 3"," 47"," 4"," 4"," 4"
"2023F","OK","DMTCB"," 15251"," 18344"," 18831"," 21653"," 19360"," 16757"," 20569"," 22648"," 30077"," 28689"," 32528"," 31904"," 46276"," 52140"," 51544"," 55038"," 69059"," 75524"," 84539"," 84813"," 70627"," 90215"," 84533"," 96633"," 106638"," 109059"," 81241"," 83731"," 88065"," 87073"," 90128"," 81988"," 92878"," 93369"," 94790"," 97031"," 116096"," 121740"," 125923"," 128898"," 164384"," 205421"," 178949"," 178275"," 132401"," 163021"," 185428"," 195359"," 202982"," 168481"," 173549"," 174127"," 174301"," 165362"," 183490"," 173748"," 168547"," 194318"," 186782"," 175028"," 154350"," 173902"," 177034"," 172112"
"2023F","OK","DMTCP"," 2618"," 3149"," 3233"," 3717"," 3324"," 2877"," 3531"," 3888"," 5163"," 4925"," 5584"," 5477"," 7944"," 8951"," 8849"," 9449"," 11856"," 12965"," 14513"," 14560"," 12125"," 15488"," 14512"," 16589"," 18307"," 18723"," 13947"," 14374"," 15118"," 14948"," 15473"," 14075"," 15945"," 16029"," 16287"," 16672"," 19948"," 20917"," 21640"," 22151"," 28249"," 35302"," 30752"," 30637"," 22757"," 28020"," 31954"," 33776"," 35118"," 29146"," 30038"," 30150"," 30194"," 28648"," 31794"," 30104"," 29207"," 33683"," 32374"," 30338"," 26756"," 30144"," 30686"," 29834"
"2023F","OK","ELEXB"," 0"," 0"," 0"," 0"," 0"," 0"," 0"," 0"," 0"," 0"," 0"," 0"," 0"," 0"," 0"," 0"," 0"," 0"," 0"," 0"," 0"," 0"," 0"," 0"," 0"," 0"," 0"," 0"," 0"," 0"," 0"," 0"," 0"," 0"," 0"," 0"," 0"," 0"," 0"," 0"," 0"," 0"," 0"," 0"," 2"," 1"," 0"," 0"," 0"," 0"," 0"," 0"," 0"," 0"," 0"," 0"," 0"," 0"," 0"," 0"," 0"," 0"," 0"," 0"
"2023F","OK","ELEXP"," 0"," 0"," 0"," 0"," 0"," 0"," 0"," 0"," 0"," 0"," 0"," 0"," 0"," 0"," 0"," 0"," 0"," 0"," 0"," 0"," 0"," 0"," 0"," 0"," 0"," 0"," 0"," 0"," 0"," 0"," 0"," 0"," 0"," 0"," 0"," 0"," 0"," 0"," 0"," 0"," 0"," 0"," 0"," 0"," 0"," 0"," 0"," 0"," 0"," 0"," 0"," 0"," 0"," 0"," 0"," 0"," 0"," 0"," 0"," 0"," 0"," 0"," 0"," 0"
"2023F","OK","ELGBP",,,,,,,,,,,,,,,,,,,,,,,,,,,,,,,,,,,,,,,,,,,,,,,,," 20262"," 20849"," 21022"," 21824"," 23485"," 23300"," 24048"," 24835"," 26016"," 26691"," 27401"," 27376"," 28657"," 29824"," 32619"," 31690"
"2023F","OK","ELIMB"," 0"," 0"," 0"," 0"," 0"," 0"," 0"," 0"," 0"," 0"," 0"," 0"," 0"," 0"," 0"," 0"," 0"," 0"," 0"," 0"," 0"," 0"," 0"," 0"," 0"," 0"," 0"," 0"," 0"," 0"," 0"," 0"," 0"," 0"," 0"," 0"," 0"," 0"," 0"," 0"," 0"," 0"," 0"," 0"," 0"," 0"," 0"," 0"," 0"," 0"," 0"," 0"," 0"," 0"," 0"," 0"," 0"," 0"," 0"," 0"," 0"," 0"," 0"," 0"
"2023F","OK","ELIMP"," 0"," 0"," 0"," 0"," 0"," 0"," 0"," 0"," 0"," 0"," 0"," 0"," 0"," 0"," 0"," 0"," 0"," 0"," 0"," 0"," 0"," 0"," 0"," 0"," 0"," 0"," 0"," 0"," 0"," 0"," 0"," 0"," 0"," 0"," 0"," 0"," 0"," 0"," 0"," 0"," 0"," 0"," 0"," 0"," 0"," 0"," 0"," 0"," 0"," 0"," 0"," 0"," 0"," 0"," 0"," 0"," 0"," 0"," 0"," 0"," 0"," 0"," 0"," 0"
"2023F","OK","ELISB","-18111","-16458","-22538","-29397","-30175","-26432","-33599","-37553","-33038","-52573","-75143","-69732","-67116","-69345","-81819","-81395","-94020","-75236","-101821","-106171","-118710","-84766","-81949","-83128","-93487","-62954","-54289","-65941","-62748","-63277"," 5573","-54274","-74531","-79580","-42733","-65674","-35518","-33419","-29794","-25345","-45","-3110","-44649","-48082","-37368","-90131","-98235","-118615","-140571","-150709","-90277","-93628","-124433","-76896","-29947","-79542","-93564","-62013","-128683","-117097","-113312","-81446","-70558","-105676"
"2023F","OK","ELISP",,,,,,,,,,,,,,,,,,,,,,,,,,,,,,," 538","-4964","-6943","-7494","-3913","-6074","-3221","-3041","-2730","-2316","-4","-282","-4101","-4480","-3537","-8748","-9523","-11852","-14385","-15623","-9246","-9814","-13439","-8388","-3324","-9499","-11853","-8275","-17582","-17026","-16768","-11920","-10586","-16023"
"2023F","OK","ELNIB"," 0"," 0"," 0"," 0"," 0"," 0"," 0"," 0"," 0"," 0"," 0"," 0"," 0"," 0"," 0"," 0"," 0"," 0"," 0"," 0"," 0"," 0"," 0"," 0"," 0"," 0"," 0"," 0"," 0"," 0"," 0"," 0"," 0"," 0"," 0"," 0"," 0"," 0"," 0"," 0"," 0"," 0"," 0"," 0","-2","-1"," 0"," 0"," 0"," 0"," 0"," 0"," 0"," 0"," 0"," 0"," 0"," 0"," 0"," 0"," 0"," 0"," 0"," 0"
"2023F","OK","ELNIP"," 0"," 0"," 0"," 0"," 0"," 0"," 0"," 0"," 0"," 0"," 0"," 0"," 0"," 0"," 0"," 0"," 0"," 0"," 0"," 0"," 0"," 0"," 0"," 0"," 0"," 0"," 0"," 0"," 0"," 0"," 0"," 0"," 0"," 0"," 0"," 0"," 0"," 0"," 0"," 0"," 0"," 0"," 0"," 0"," 0"," 0"," 0"," 0"," 0"," 0"," 0"," 0"," 0"," 0"," 0"," 0"," 0"," 0"," 0"," 0"," 0"," 0"," 0"," 0"
"2023F","OK","ELVHN",,,,,,,,,,,,,,,,,,,,,,,,,,,,,,,,,,,,,,,,,,,,,,,,,,,,,,,,," 1.3"," 2.1"," 5.1"," 5"," 5.1"," 13.6"," 24.3"," 50.9"
"2023F","OK","ELVHS",,,,,,,,,,,,,,,,,,,,,,,,,,,,,,,,,,,,,,,,,,,,,,,,,,,,,,,,," 0"," .1"," .1"," .1"," .1"," .4"," .6"," 1.3"
"2023F","OK","EMACB"," 0"," 0"," 0"," 0"," 0"," 0"," 0"," 0"," 0"," 0"," 0"," 0"," 0"," 0"," 0"," 0"," 0"," 0"," 0"," 0"," 0"," 355"," 1259"," 600"," 178"," 160"," 197"," 0"," 0"," 0"," 0"," 0"," 0"," 0"," 0"," 0"," 0"," 0"," 0"," 0"," 0"," 0"," 0"," 0"," 0"," 3464"," 3452"," 6815"," 12800"," 11669"," 12301"," 12057"," 12562"," 11911"," 13801"," 14820"," 14843"," 14646"," 14854"," 14859"," 13475"," 14544"," 14471"," 14784"
"2023F","OK","EMCCB"," 0"," 0"," 0"," 0"," 0"," 0"," 0"," 0"," 0"," 0"," 0"," 0"," 0"," 0"," 0"," 0"," 0"," 0"," 0"," 0"," 0"," 3"," 9"," 6"," 3"," 1"," 2"," 0"," 0"," 0"," 0"," 0"," 0"," 0"," 0"," 0"," 0"," 0"," 0"," 0"," 0"," 0"," 0"," 0"," 0"," 11"," 10"," 34"," 58"," 47"," 44"," 43"," 46"," 49"," 48"," 318"," 311"," 288"," 290"," 296"," 298"," 303"," 375"," 315"
"2023F","OK","EMICB"," 0"," 0"," 0"," 0"," 0"," 0"," 0"," 0"," 0"," 0"," 0"," 0"," 0"," 0"," 0"," 0"," 0"," 0"," 0"," 0"," 0"," 3"," 10"," 4"," 3"," 4"," 5"," 0"," 0"," 0"," 0"," 0"," 0"," 0"," 0"," 0"," 0"," 0"," 0"," 0"," 0"," 0"," 0"," 0"," 0"," 127"," 139"," 197"," 325"," 303"," 229"," 243"," 237"," 253"," 214"," 296"," 315"," 321"," 323"," 307"," 306"," 305"," 321"," 299"
"2023F","OK","EMLCB"," 0"," 0"," 0"," 0"," 0"," 0"," 0"," 0"," 0"," 0"," 0"," 0"," 0"," 0"," 0"," 0"," 0"," 0"," 0"," 0"," 0"," 0"," 0"," 0"," 0"," 0"," 0"," 0"," 0"," 0"," 0"," 0"," 0"," 0"," 0"," 0"," 0"," 0"," 0"," 0"," 0"," 0"," 0"," 0"," 0"," 0"," 0"," 0"," 0"," 0"," 0"," 0"," 0"," 0"," 0"," 0"," 0"," 0"," 0"," 0"," 0"," 0"," 0"," 0"
"2023F","OK","EMTCB"," 0"," 0"," 0"," 0"," 0"," 0"," 0"," 0"," 0"," 0"," 0"," 0"," 0"," 0"," 0"," 0"," 0"," 0"," 0"," 0"," 0"," 361"," 1278"," 610"," 184"," 165"," 203"," 0"," 0"," 0"," 0"," 0"," 0"," 0"," 0"," 0"," 0"," 0"," 0"," 0"," 0"," 0"," 0"," 0"," 0"," 3602"," 3600"," 7046"," 13183"," 12019"," 12575"," 12343"," 12844"," 12213"," 14064"," 15434"," 15470"," 15255"," 15468"," 15462"," 14078"," 15152"," 15167"," 15399"
"2023F","OK","ENACP"," 0"," 0"," 0"," 0"," 0"," 0"," 0"," 0"," 0"," 0"," 0"," 0"," 0"," 0"," 0"," 0"," 0"," 0"," 0"," 0"," 0"," 102"," 363"," 173"," 51"," 46"," 57"," 0"," 0"," 0"," 0"," 0"," 0"," 0"," 0"," 0"," 0"," 0"," 0"," 0"," 0"," 0"," 0"," 0"," 0"," 999"," 995"," 1965"," 3691"," 3371"," 3549"," 3477"," 3622"," 3433"," 3975"," 4268"," 4275"," 4212"," 4262"," 4268"," 3876"," 4181"," 4156"," 4249"
"2023F","OK","ENCCP"," 0"," 0"," 0"," 0"," 0"," 0"," 0"," 0"," 0"," 0"," 0"," 0"," 0"," 0"," 0"," 0"," 0"," 0"," 0"," 0"," 0"," 1"," 3"," 2"," 1"," 0"," 0"," 0"," 0"," 0"," 0"," 0"," 0"," 0"," 0"," 0"," 0"," 0"," 0"," 0"," 0"," 0"," 0"," 0"," 0"," 3"," 3"," 10"," 17"," 14"," 13"," 12"," 13"," 14"," 14"," 92"," 90"," 83"," 83"," 85"," 86"," 87"," 108"," 91"
"2023F","OK","ENICP"," 0"," 0"," 0"," 0"," 0"," 0"," 0"," 0"," 0"," 0"," 0"," 0"," 0"," 0"," 0"," 0"," 0"," 0"," 0"," 0"," 0"," 1"," 3"," 1"," 1"," 1"," 1"," 0"," 0"," 0"," 0"," 0"," 0"," 0"," 0"," 0"," 0"," 0"," 0"," 0"," 0"," 0"," 0"," 0"," 0"," 37"," 40"," 57"," 94"," 87"," 66"," 70"," 68"," 73"," 62"," 85"," 91"," 92"," 93"," 88"," 88"," 88"," 92"," 86"
"2023F","OK","ENTCP"," 0"," 0"," 0"," 0"," 0"," 0"," 0"," 0"," 0"," 0"," 0"," 0"," 0"," 0"," 0"," 0"," 0"," 0"," 0"," 0"," 0"," 104"," 368"," 176"," 53"," 48"," 59"," 0"," 0"," 0"," 0"," 0"," 0"," 0"," 0"," 0"," 0"," 0"," 0"," 0"," 0"," 0"," 0"," 0"," 0"," 1039"," 1038"," 2032"," 3801"," 3472"," 3628"," 3559"," 3703"," 3520"," 4051"," 4445"," 4455"," 4387"," 4438"," 4441"," 4050"," 4356"," 4356"," 4425"
"2023F","OK","EQICB",,,,,,,,,,,,,,,,,,,,,,,,,,,,,,,,,,,,,,,,,,,,,,,,,,," 0"," 0"," 0"," 0"," 0"," 0"," 0"," 0"," 0"," 0"," 0"," 0"," 0"," 0"
"2023F","OK","EQICP",,,,,,,,,,,,,,,,,,,,,,,,,,,,,,,,,,,,,,,,,,,,,,,,,,," 0"," 0"," 0"," 0"," 0"," 0"," 0"," 0"," 0"," 0"," 0"," 0"," 0"," 0"
"2023F","OK","EQTCB",,,,,,,,,,,,,,,,,,,,,,,,,,,,,,,,,,,,,,,,,,,,,,,,,,," 0"," 0"," 0"," 0"," 0"," 0"," 0"," 0"," 0"," 0"," 0"," 0"," 0"," 0"
"2023F","OK","EQTCP",,,,,,,,,,,,,,,,,,,,,,,,,,,,,,,,,,,,,,,,,,,,,,,,,,," 0"," 0"," 0"," 0"," 0"," 0"," 0"," 0"," 0"," 0"," 0"," 0"," 0"," 0"
"2023F","OK","ESACB"," 0"," 0"," 0"," 0"," 0"," 0"," 0"," 0"," 0"," 0"," 0"," 0"," 0"," 0"," 0"," 0"," 0"," 0"," 0"," 0"," 0"," 0"," 0"," 0"," 0"," 0"," 0"," 0"," 0"," 0"," 0"," 0"," 0"," 0"," 0"," 0"," 0"," 0"," 0"," 0"," 0"," 0"," 0"," 0"," 0"," 0"," 0"," 0"," 0"," 0"," 0"," 0"," 0"," 0"," 0"," 0"," 0"," 0"," 0"," 0"," 0"," 0"," 0"," 0"
"2023F","OK","ESACP"," 0"," 0"," 0"," 0"," 0"," 0"," 0"," 0"," 0"," 0"," 0"," 0"," 0"," 0"," 0"," 0"," 0"," 0"," 0"," 0"," 0"," 0"," 0"," 0"," 0"," 0"," 0"," 0"," 0"," 0"," 0"," 0"," 0"," 0"," 0"," 0"," 0"," 0"," 0"," 0"," 0"," 0"," 0"," 0"," 0"," 0"," 0"," 0"," 0"," 0"," 0"," 0"," 0"," 0"," 0"," 0"," 0"," 0"," 0"," 0"," 0"," 0"," 0"," 0"
"2023F","OK","ESCCB"," 6498"," 6767"," 7746"," 8591"," 9202"," 10049"," 10832"," 11442"," 12589"," 13935"," 15064"," 16177"," 18256"," 19190"," 19809"," 23236"," 24301"," 26499"," 27890"," 28439"," 30725"," 36250"," 38802"," 40152"," 38309"," 39939"," 39749"," 39558"," 41395"," 40553"," 46619"," 43212"," 42358"," 44121"," 45360"," 45581"," 47182"," 48708"," 51900"," 51741"," 54555"," 56348"," 56846"," 57862"," 58074"," 59633"," 62087"," 63581"," 64904"," 63703"," 64846"," 66919"," 68107"," 67705"," 69771"," 70598"," 70614"," 69942"," 72434"," 68533"," 63801"," 68238"," 75786"," 78877"
"2023F","OK","ESCCP"," 1904"," 1983"," 2270"," 2518"," 2697"," 2945"," 3175"," 3353"," 3690"," 4084"," 4415"," 4741"," 5351"," 5624"," 5806"," 6810"," 7122"," 7766"," 8174"," 8335"," 9005"," 10624"," 11372"," 11768"," 11228"," 11706"," 11650"," 11594"," 12132"," 11885"," 13663"," 12665"," 12414"," 12931"," 13294"," 13359"," 13828"," 14275"," 15211"," 15164"," 15989"," 16515"," 16661"," 16958"," 17020"," 17477"," 18197"," 18634"," 19022"," 18670"," 19005"," 19613"," 19961"," 19843"," 20449"," 20691"," 20696"," 20499"," 21229"," 20086"," 18699"," 19999"," 22212"," 23117"
"2023F","OK","ESICB"," 8740"," 9426"," 9891"," 10582"," 11268"," 12156"," 13590"," 14412"," 15154"," 15996"," 16677"," 17889"," 20344"," 21937"," 23338"," 24679"," 27413"," 29830"," 31786"," 33557"," 33421"," 35426"," 35089"," 36019"," 35289"," 36086"," 34824"," 35544"," 36574"," 37666"," 40138"," 38948"," 39575"," 39917"," 39993"," 39969"," 41491"," 43680"," 44952"," 45281"," 47546"," 45571"," 44006"," 45407"," 48528"," 50908"," 51242"," 51856"," 52529"," 48565"," 51699"," 53940"," 56536"," 57615"," 60643"," 61517"," 61522"," 61947"," 65611"," 71324"," 69495"," 70901"," 74369"," 75214"
"2023F","OK","ESICP"," 2561"," 2763"," 2899"," 3101"," 3302"," 3563"," 3983"," 4224"," 4441"," 4688"," 4888"," 5243"," 5962"," 6430"," 6840"," 7233"," 8034"," 8743"," 9316"," 9835"," 9795"," 10383"," 10284"," 10557"," 10343"," 10576"," 10206"," 10417"," 10719"," 11039"," 11764"," 11415"," 11599"," 11699"," 11721"," 11714"," 12160"," 12802"," 13175"," 13271"," 13935"," 13356"," 12898"," 13308"," 14223"," 14920"," 15018"," 15198"," 15395"," 14233"," 15152"," 15809"," 16570"," 16886"," 17773"," 18029"," 18031"," 18156"," 19229"," 20904"," 20368"," 20780"," 21796"," 22044"
"2023F","OK","ESRCB"," 8093"," 8434"," 10039"," 11813"," 12832"," 13941"," 15154"," 15567"," 18288"," 21827"," 24884"," 26533"," 31257"," 32957"," 34761"," 31466"," 31740"," 35158"," 37713"," 36287"," 41998"," 45554"," 48239"," 49966"," 48651"," 49132"," 47437"," 48058"," 49388"," 48050"," 58268"," 52289"," 48634"," 54255"," 55028"," 55681"," 59037"," 59286"," 66571"," 62443"," 67012"," 67543"," 67992"," 68793"," 67213"," 72707"," 74008"," 72882"," 74590"," 73839"," 80826"," 83338"," 77827"," 79158"," 79674"," 77165"," 77759"," 74510"," 82287"," 81226"," 79269"," 81021"," 86935"," 81265"
"2023F","OK","ESRCP"," 2372"," 2472"," 2942"," 3462"," 3761"," 4086"," 4441"," 4563"," 5360"," 6397"," 7293"," 7776"," 9161"," 9659"," 10188"," 9222"," 9303"," 10304"," 11053"," 10635"," 12309"," 13351"," 14138"," 14644"," 14259"," 14400"," 13903"," 14085"," 14475"," 14083"," 17077"," 15325"," 14254"," 15901"," 16128"," 16319"," 17303"," 17376"," 19511"," 18301"," 19640"," 19796"," 19927"," 20162"," 19699"," 21309"," 21690"," 21361"," 21861"," 21641"," 23689"," 24425"," 22810"," 23200"," 23351"," 22616"," 22790"," 21838"," 24117"," 23806"," 23232"," 23746"," 25479"," 23818"
"2023F","OK","ESRPP"," 1015"," 1039"," 1212"," 1419"," 1538"," 1675"," 1810"," 1833"," 2141"," 2524"," 2841"," 2970"," 3446"," 3583"," 3725"," 3324"," 3291"," 3590"," 3789"," 3574"," 4048"," 4312"," 4410"," 4451"," 4340"," 4402"," 4274"," 4388"," 4570"," 4470"," 5423"," 4826"," 4426"," 4889"," 4916"," 4933"," 5180"," 5152"," 5730"," 5325"," 5686"," 5710"," 5711"," 5753"," 5588"," 6005"," 6035"," 5877"," 5958"," 5821"," 6300"," 6447"," 5972"," 6020"," 6020"," 5783"," 5802"," 5552"," 6116"," 6011"," 5859"," 5948"," 6328"," 5861"
"2023F","OK","ESTCB"," 23331"," 24626"," 27677"," 30985"," 33302"," 36147"," 39577"," 41422"," 46031"," 51757"," 56625"," 60599"," 69857"," 74084"," 77908"," 79382"," 83454"," 91487"," 97389"," 98283"," 106144"," 117230"," 122129"," 126138"," 122249"," 125158"," 122010"," 123161"," 127356"," 126269"," 145024"," 134448"," 130568"," 138293"," 140381"," 141231"," 147710"," 151673"," 163423"," 159465"," 169113"," 169463"," 168844"," 172061"," 173814"," 183249"," 187337"," 188319"," 192023"," 186106"," 197370"," 204197"," 202470"," 204478"," 210088"," 209280"," 209894"," 206399"," 220331"," 221084"," 212565"," 220160"," 237089"," 235356"
"2023F","OK","ESTCP"," 6838"," 7218"," 8112"," 9081"," 9760"," 10594"," 11599"," 12140"," 13491"," 15169"," 16596"," 17760"," 20474"," 21713"," 22833"," 23266"," 24459"," 26813"," 28543"," 28805"," 31109"," 34358"," 35794"," 36969"," 35829"," 36682"," 35759"," 36096"," 37326"," 37007"," 42504"," 39404"," 38267"," 40531"," 41143"," 41392"," 43291"," 44453"," 47897"," 46737"," 49564"," 49667"," 49485"," 50428"," 50942"," 53707"," 54905"," 55193"," 56279"," 54545"," 57846"," 59847"," 59341"," 59929"," 61573"," 61336"," 61517"," 60492"," 64575"," 64796"," 62299"," 64525"," 69487"," 68979"
"2023F","OK","ESTPP"," 2927"," 3033"," 3342"," 3723"," 3990"," 4342"," 4727"," 4877"," 5390"," 5984"," 6465"," 6782"," 7701"," 8054"," 8349"," 8385"," 8653"," 9343"," 9784"," 9681"," 10231"," 11097"," 11164"," 11235"," 10905"," 11213"," 10994"," 11245"," 11786"," 11747"," 13498"," 12409"," 11882"," 12462"," 12540"," 12512"," 12961"," 13179"," 14066"," 13598"," 14348"," 14325"," 14183"," 14388"," 14451"," 15135"," 15277"," 15187"," 15339"," 14672"," 15385"," 15796"," 15537"," 15550"," 15873"," 15685"," 15660"," 15378"," 16375"," 16360"," 15711"," 16163"," 17259"," 16974"
"2023F","OK","ESTXB"," 23331"," 24626"," 27677"," 30985"," 33302"," 36147"," 39577"," 41422"," 46031"," 51757"," 56625"," 60599"," 69857"," 74084"," 77908"," 79382"," 83454"," 91487"," 97389"," 98283"," 106144"," 117230"," 122129"," 126138"," 122249"," 125158"," 122010"," 123161"," 127356"," 126269"," 145024"," 134448"," 130568"," 138293"," 140381"," 141231"," 147710"," 151673"," 163423"," 159465"," 169113"," 169463"," 168844"," 172061"," 173814"," 183249"," 187337"," 188319"," 192023"," 186106"," 197370"," 204197"," 202470"," 204478"," 210088"," 209280"," 209894"," 206399"," 220331"," 221084"," 212565"," 220160"," 237089"," 235356"
"2023F","OK","ESTXP"," 6838"," 7218"," 8112"," 9081"," 9760"," 10594"," 11599"," 12140"," 13491"," 15169"," 16596"," 17760"," 20474"," 21713"," 22833"," 23266"," 24459"," 26813"," 28543"," 28805"," 31109"," 34358"," 35794"," 36969"," 35829"," 36682"," 35759"," 36096"," 37326"," 37007"," 42504"," 39404"," 38267"," 40531"," 41143"," 41392"," 43291"," 44453"," 47897"," 46737"," 49564"," 49667"," 49485"," 50428"," 50942"," 53707"," 54905"," 55193"," 56279"," 54545"," 57846"," 59847"," 59341"," 59929"," 61573"," 61336"," 61517"," 60492"," 64575"," 64796"," 62299"," 64525"," 69487"," 68979"
"2023F","OK","ESVHP",,,,,,,,,,,,,,,,,,,,,,,,,,,,,,,,,,,,,,,,,,,,,,,,,,,,,,,,,,," 6"," 9"," 11"," 21"," 42"," 73"
"2023F","OK","EV0CN",,,,,,,,,,,,,,,,,,,,,,,,,,,,,,,,,,,,,,,,,,,,,,,,,,,,,,,," 0"," 0"," 0"," 0"," 0"," 0"," 0"," 0"," 0"
"2023F","OK","EV1CN",,,,,,,,,,,,,,,,,,,,,,,,,,,,,,,,,,,,,,,,,,,,,,,,,,,,,,," 6"," 6"," 6"," 15"," 11"," 12"," 7"," 11"," 8"," 6"
"2023F","OK","EV2CN",,,,,,,,,,,,,,,,,,,,,,,,,,,,,,,,,,,,,,,,,,,,,,,,,,,,,,," 42"," 61"," 86"," 162"," 236"," 313"," 360"," 452"," 509"," 567"
"2023F","OK","EV2CR",,,,,,,,,,,,,,,,,,,,,,,,,,,,,,,,,,,,,,,,,,,,,,,,,,,,,,,," 2.1"," 2.46"," 2.57"," 3.11"," 3.04"," 2.65"," 2.64"," 2.52"," 2.59"
"2023F","OK","EVCHN",,,,,,,,,,,,,,,,,,,,,,,,,,,,,,,,,,,,,,,,,,,,,,,,,,,," 0"," 26"," 32"," 48"," 122"," 170"," 270"," 304"," 456"," 731"," 1138"," 1163"," 1453"
"2023F","OK","EVCHP",,,,,,,,,,,,,,,,,,,,,,,,,,,,,,,,,,,,,,,,,,,,,,,,,,,,,,," 34"," 36"," 46"," 81"," 90"," 135"," 249"," 302"," 337"," 364"
"2023F","OK","EVDCN",,,,,,,,,,,,,,,,,,,,,,,,,,,,,,,,,,,,,,,,,,,,,,,,,,,,,,," 0"," 55"," 78"," 93"," 57"," 131"," 364"," 675"," 646"," 880"
"2023F","OK","EVDCR",,,,,,,,,,,,,,,,,,,,,,,,,,,,,,,,,,,,,,,,,,,,,,,,,,,,,,,," 6.88"," 6"," 4.65"," 3.17"," 3.12"," 2.51"," 4.14"," 3.85"," 5.03"
"2023F","OK","EVNNP",,,,,,,,,,,,,,,,,,,,,,,,,,,,,,,,,,,,,,,,,,,,,,,,,,,,,,,," 2"," 4"," 8"," 16"," 21"," 16"," 16"," 7"," 7"
"2023F","OK","EVNOP",,,,,,,,,,,,,,,,,,,,,,,,,,,,,,,,,,,,,,,,,,,,,,,,,,,,,,,," 22"," 25"," 48"," 47"," 58"," 51"," 62"," 80"," 75"
"2023F","OK","EVNTP",,,,,,,,,,,,,,,,,,,,,,,,,,,,,,,,,,,,,,,,,,,,,,,,,,,,,,,," 12"," 17"," 25"," 27"," 56"," 182"," 224"," 250"," 282"
"2023F","OK","EVPPP",,,,,,,,,,,,,,,,,,,,,,,,,,,,,,,,,,,,,,,,,,,,,,,,,,,,,,,," 16"," 17"," 15"," 15"," 18"," 16"," 15"," 15"," 14"
"2023F","OK","EVPUP",,,,,,,,,,,,,,,,,,,,,,,,,,,,,,,,,,,,,,,,,,,,,,,,,,,,,,,," 19"," 27"," 63"," 71"," 111"," 224"," 267"," 301"," 329"
"2023F","OK","EVPVP",,,,,,,,,,,,,,,,,,,,,,,,,,,,,,,,,,,,,,,,,,,,,,,,,,,,,,,," 1"," 2"," 3"," 4"," 6"," 9"," 20"," 21"," 21"
"2023F","OK","EYICB",,,,,,,,,,,,,,,,,,,,,,,,,,,,,,,,,,,,,,,,,,,,,,,,,,," 0"," 0"," 0"," 0"," 0"," 0"," 0"," 0"," 0"," 0"," 0"," 0"," 0"," 0"
"2023F","OK","EYICP",,,,,,,,,,,,,,,,,,,,,,,,,,,,,,,,,,,,,,,,,,,,,,,,,,," 0"," 0"," 0"," 0"," 0"," 0"," 0"," 0"," 0"," 0"," 0"," 0"," 0"," 0"
"2023F","OK","EYTCB",,,,,,,,,,,,,,,,,,,,,,,,,,,,,,,,,,,,,,,,,,,,,,,,,,," 0"," 0"," 0"," 0"," 0"," 0"," 0"," 0"," 0"," 0"," 0"," 0"," 0"," 0"
"2023F","OK","EYTCP",,,,,,,,,,,,,,,,,,,,,,,,,,,,,,,,,,,,,,,,,,,,,,,,,,," 0"," 0"," 0"," 0"," 0"," 0"," 0"," 0"," 0"," 0"," 0"," 0"," 0"," 0"
"2023F","OK","FFGBP",,,,,,,,,,,,,,,,,,,,,,,,,,,,,,,,,,,,,,,,,,,,,,,,," 18364"," 18532"," 18350"," 18821"," 19161"," 18964"," 19069"," 18635"," 18176"," 18577"," 18102"," 17979"," 18102"," 18185"," 19790"," 18212"
"2023F","OK","FFTCB"," 575776"," 575189"," 690555"," 775931"," 810054"," 775182"," 753681"," 774340"," 846348"," 904937"," 981599"," 1001019"," 1045113"," 1044680"," 1093632"," 1101109"," 1211768"," 1257977"," 1315334"," 1370411"," 1287826"," 1287665"," 1339256"," 1336557"," 1356229"," 1299270"," 1200804"," 1270597"," 1307725"," 1326670"," 1337588"," 1335946"," 1362164"," 1413215"," 1396219"," 1390839"," 1422935"," 1423736"," 1419646"," 1403257"," 1439457"," 1463005"," 1463231"," 1495557"," 1454200"," 1555188"," 1612331"," 1614163"," 1643168"," 1558906"," 1566195"," 1561935"," 1561473"," 1523696"," 1538085"," 1512972"," 1476895"," 1434282"," 1554518"," 1491951"," 1390447"," 1395014"," 1400889"," 1439444"
"2023F","OK","FNICB"," 0"," 0"," 0"," 0"," 0"," 0"," 0"," 0"," 0"," 0"," 0"," 0"," 0"," 0"," 0"," 0"," 0"," 0"," 0"," 0"," 0"," 0"," 0"," 0"," 0"," 0"," 0"," 0"," 0"," 0"," 0"," 0"," 0"," 0"," 0"," 0"," 0"," 0"," 0"," 0"," 0"," 0"," 0"," 0"," 0"," 0"," 0"," 0"," 0"," 0"," 0"," 0"," 0"," 0"," 0"," 0"," 0"," 0"," 0"," 0"," 0"," 0"," 0"," 0"
"2023F","OK","FNICP"," 0"," 0"," 0"," 0"," 0"," 0"," 0"," 0"," 0"," 0"," 0"," 0"," 0"," 0"," 0"," 0"," 0"," 0"," 0"," 0"," 0"," 0"," 0"," 0"," 0"," 0"," 0"," 0"," 0"," 0"," 0"," 0"," 0"," 0"," 0"," 0"," 0"," 0"," 0"," 0"," 0"," 0"," 0"," 0"," 0"," 0"," 0"," 0"," 0"," 0"," 0"," 0"," 0"," 0"," 0"," 0"," 0"," 0"," 0"," 0"," 0"," 0"," 0"," 0"
"2023F","OK","FOICB"," 0"," 0"," 0"," 0"," 0"," 0"," 0"," 0"," 0"," 0"," 0"," 0"," 0"," 0"," 0"," 0"," 0"," 0"," 0"," 0"," 0"," 0"," 0"," 0"," 0"," 0"," 0"," 0"," 0"," 0"," 0"," 0"," 0"," 0"," 0"," 0"," 0"," 0"," 0"," 0"," 0"," 0"," 0"," 0"," 0"," 0"," 0"," 0"," 0"," 0"," 0"," 0"," 0"," 0"," 0"," 0"," 0"," 0"," 0"," 0"," 0"," 0"," 0"," 0"
"2023F","OK","FOICP"," 0"," 0"," 0"," 0"," 0"," 0"," 0"," 0"," 0"," 0"," 0"," 0"," 0"," 0"," 0"," 0"," 0"," 0"," 0"," 0"," 0"," 0"," 0"," 0"," 0"," 0"," 0"," 0"," 0"," 0"," 0"," 0"," 0"," 0"," 0"," 0"," 0"," 0"," 0"," 0"," 0"," 0"," 0"," 0"," 0"," 0"," 0"," 0"," 0"," 0"," 0"," 0"," 0"," 0"," 0"," 0"," 0"," 0"," 0"," 0"," 0"," 0"," 0"," 0"
"2023F","OK","FSICB"," 0"," 0"," 0"," 1942"," 1893"," 2221"," 2469"," 2296"," 2292"," 2295"," 2772"," 3407"," 3104"," 2536"," 2944"," 3430"," 3599"," 3465"," 3789"," 2472"," 2864"," 1397"," 1298"," 1537"," 1807"," 1982"," 0"," 0"," 0"," 0"," 0"," 0"," 0"," 0"," 0"," 0"," 0"," 0"," 0"," 0"," 0"," 0"," 0"," 0"," 0"," 0"," 0"," 0"," 0"," 0"," 0"," 0"," 0"," 0"," 0"," 0"," 0"," 0"," 0"," 0"," 0"," 0"," 0"," 0"
"2023F","OK","FSICP"," 0"," 0"," 0"," 324"," 315"," 370"," 411"," 383"," 382"," 382"," 462"," 568"," 517"," 423"," 491"," 572"," 600"," 577"," 632"," 412"," 477"," 233"," 216"," 256"," 301"," 330"," 0"," 0"," 0"," 0"," 0"," 0"," 0"," 0"," 0"," 0"," 0"," 0"," 0"," 0"," 0"," 0"," 0"," 0"," 0"," 0"," 0"," 0"," 0"," 0"," 0"," 0"," 0"," 0"," 0"," 0"," 0"," 0"," 0"," 0"," 0"," 0"," 0"," 0"
"2023F","OK","GDPRV",,,,,,,,,,,,,,,,,,,,,,,,,,,,,,,,,,,,,," 79293.7"," 81778.6"," 84785.6"," 91645.7"," 97505.3"," 99916.9"," 106175.1"," 114237.5"," 125961.4"," 138352.3"," 146582.4"," 161609"," 147332.4"," 155267.5"," 167207.9"," 175361.2"," 184104.6"," 197074.1"," 187364.7"," 182238.8"," 192538.6"," 204193.9"," 205992.7"," 192516.2"," 217786.5"," 245976.2"," 256689.4"
"2023F","OK","GDPRX",,,,,,,,,,,,,,,,,,,,,,,,,,,,,,,,,,,,,," 111864.6"," 114928.1"," 116968.4"," 121170.2"," 125695.7"," 127930.2"," 130147.8"," 134606.6"," 140360.1"," 149367.1"," 152879.6"," 158987.8"," 156856.8"," 158086.4"," 163859.3"," 172016"," 176086.8"," 186574.4"," 193792.6"," 190093.5"," 192538.6"," 196030.5"," 200072.2"," 191560.9"," 194132.8"," 193940.5"," 207923.3"
"2023F","OK","GECAS",,,,,,,,,,,,,,,,,,,,,,,,,,,,,,,,,,,,,,,,,,,,,,,,," 0"," 0"," 0"," 0"," 0"," 0"," 0"," 0"," 0"," 0"," 0"," 0"," 0"," 0"," 0"," 0"
"2023F","OK","GECCB"," 0"," 0"," 0"," 0"," 0"," 0"," 0"," 0"," 0"," 0"," 0"," 0"," 0"," 0"," 0"," 0"," 0"," 0"," 0"," 0"," 0"," 0"," 0"," 0"," 0"," 0"," 0"," 0"," 0"," 0"," 0"," 0"," 0"," 0"," 0"," 0"," 0"," 0"," 0"," 0"," 0"," 0"," 0"," 0"," 0"," 0"," 0"," 0"," 0"," 0"," 0"," 0"," 0"," 0"," 0"," 0"," 0"," 0"," 0"," 0"," 0"," 0"," 0"," 0"
"2023F","OK","GEEGB"," 0"," 0"," 0"," 0"," 0"," 0"," 0"," 0"," 0"," 0"," 0"," 0"," 0"," 0"," 0"," 0"," 0"," 0"," 0"," 0"," 0"," 0"," 0"," 0"," 0"," 0"," 0"," 0"," 0"," 0"," 0"," 0"," 0"," 0"," 0"," 0"," 0"," 0"," 0"," 0"," 0"," 0"," 0"," 0"," 0"," 0"," 0"," 0"," 0"," 0"," 0"," 0"," 0"," 0"," 0"," 0"," 0"," 0"," 0"," 0"," 0"," 0"," 0"," 0"
"2023F","OK","GEEGP"," 0"," 0"," 0"," 0"," 0"," 0"," 0"," 0"," 0"," 0"," 0"," 0"," 0"," 0"," 0"," 0"," 0"," 0"," 0"," 0"," 0"," 0"," 0"," 0"," 0"," 0"," 0"," 0"," 0"," 0"," 0"," 0"," 0"," 0"," 0"," 0"," 0"," 0"," 0"," 0"," 0"," 0"," 0"," 0"," 0"," 0"," 0"," 0"," 0"," 0"," 0"," 0"," 0"," 0"," 0"," 0"," 0"," 0"," 0"," 0"," 0"," 0"," 0"," 0"
"2023F","OK","GEGBP",,,,,,,,,,,,,,,,,,,,,,,,,,,,,,,,,,,,,,,,,,,,,,,,," 0"," 0"," 0"," 0"," 0"," 0"," 0"," 0"," 0"," 0"," 0"," 0"," 0"," 0"," 0"," 0"
"2023F","OK","GEICB"," 0"," 0"," 0"," 0"," 0"," 0"," 0"," 0"," 0"," 0"," 0"," 0"," 0"," 0"," 0"," 0"," 0"," 0"," 0"," 0"," 0"," 0"," 0"," 0"," 0"," 0"," 0"," 0"," 0"," 0"," 0"," 0"," 0"," 0"," 0"," 0"," 0"," 0"," 0"," 0"," 0"," 0"," 0"," 0"," 0"," 0"," 0"," 0"," 0"," 0"," 0"," 0"," 0"," 0"," 0"," 0"," 0"," 0"," 0"," 0"," 0"," 0"," 0"," 0"
"2023F","OK","GERCB"," 0"," 0"," 0"," 0"," 0"," 0"," 0"," 0"," 0"," 0"," 0"," 0"," 0"," 0"," 0"," 0"," 0"," 0"," 0"," 0"," 0"," 0"," 0"," 0"," 0"," 0"," 0"," 0"," 0"," 1"," 1"," 1"," 1"," 1"," 1"," 1"," 1"," 2"," 2"," 2"," 2"," 5"," 6"," 8"," 8"," 10"," 11"," 14"," 17"," 21"," 23"," 23"," 24"," 24"," 24"," 24"," 24"," 24"," 24"," 24"," 24"," 24"," 24"," 24"
"2023F","OK","GETCB"," 0"," 0"," 0"," 0"," 0"," 0"," 0"," 0"," 0"," 0"," 0"," 0"," 0"," 0"," 0"," 0"," 0"," 0"," 0"," 0"," 0"," 0"," 0"," 0"," 0"," 0"," 0"," 0"," 0"," 1"," 1"," 1"," 1"," 1"," 1"," 1"," 1"," 2"," 2"," 2"," 2"," 5"," 6"," 8"," 8"," 10"," 11"," 14"," 17"," 21"," 23"," 23"," 24"," 24"," 24"," 24"," 24"," 24"," 24"," 24"," 24"," 24"," 24"," 24"
"2023F","OK","GETXB"," 0"," 0"," 0"," 0"," 0"," 0"," 0"," 0"," 0"," 0"," 0"," 0"," 0"," 0"," 0"," 0"," 0"," 0"," 0"," 0"," 0"," 0"," 0"," 0"," 0"," 0"," 0"," 0"," 0"," 1"," 1"," 1"," 1"," 1"," 1"," 1"," 1"," 2"," 2"," 2"," 2"," 5"," 6"," 8"," 8"," 10"," 11"," 14"," 17"," 21"," 23"," 23"," 24"," 24"," 24"," 24"," 24"," 24"," 24"," 24"," 24"," 24"," 24"," 24"
"2023F","OK","HLACB"," 1113"," 1400"," 1487"," 1829"," 1474"," 1879"," 2332"," 2330"," 2282"," 2085"," 1980"," 2189"," 2126"," 1985"," 1809"," 1819"," 1921"," 2305"," 2614"," 635"," 904"," 1276"," 1608"," 1909"," 513"," 513"," 404"," 356"," 392"," 327"," 372"," 418"," 307"," 362"," 554"," 228"," 158"," 224"," 275"," 185"," 168"," 253"," 188"," 283"," 196"," 240"," 246"," 187"," 302"," 269"," 76"," 84"," 100"," 140"," 164"," 215"," 271"," 1008"," 635"," 441"," 479"," 310"," 369"," 324"
"2023F","OK","HLACP"," 290"," 365"," 387"," 476"," 384"," 489"," 607"," 606"," 594"," 543"," 516"," 570"," 553"," 517"," 471"," 474"," 500"," 600"," 681"," 165"," 235"," 332"," 419"," 497"," 134"," 133"," 105"," 93"," 102"," 85"," 97"," 109"," 80"," 94"," 144"," 59"," 41"," 58"," 72"," 48"," 44"," 66"," 49"," 74"," 51"," 63"," 64"," 49"," 79"," 70"," 20"," 22"," 26"," 36"," 43"," 56"," 71"," 262"," 165"," 115"," 125"," 81"," 96"," 84"
"2023F","OK","HLCCB"," 2812"," 2898"," 3291"," 3592"," 3297"," 3314"," 3364"," 3517"," 3641"," 3954"," 4142"," 3975"," 4184"," 4025"," 3775"," 4018"," 4100"," 4039"," 4043"," 1347"," 1256"," 1348"," 1554"," 1849"," 1160"," 1447"," 1055"," 973"," 945"," 1077"," 909"," 980"," 794"," 918"," 855"," 867"," 1164"," 1094"," 1156"," 1636"," 1861"," 1772"," 2164"," 2323"," 1304"," 1423"," 1432"," 1403"," 1344"," 1166"," 1786"," 1552"," 1239"," 1564"," 1845"," 1550"," 1725"," 1728"," 2277"," 2371"," 2579"," 2643"," 2445"," 2114"
"2023F","OK","HLCCP"," 732"," 755"," 857"," 935"," 858"," 863"," 876"," 916"," 948"," 1029"," 1078"," 1035"," 1089"," 1048"," 983"," 1046"," 1067"," 1052"," 1053"," 351"," 327"," 351"," 405"," 481"," 302"," 377"," 275"," 253"," 246"," 280"," 237"," 255"," 207"," 239"," 223"," 226"," 303"," 285"," 301"," 426"," 485"," 461"," 563"," 605"," 339"," 370"," 373"," 365"," 350"," 304"," 465"," 404"," 323"," 407"," 480"," 404"," 449"," 450"," 593"," 617"," 671"," 688"," 636"," 550"
"2023F","OK","HLICB"," 5715"," 6184"," 6173"," 7223"," 6612"," 6451"," 6928"," 6412"," 6866"," 8562"," 8308"," 7439"," 8162"," 9083"," 8546"," 7944"," 7883"," 7805"," 9773"," 21405"," 23562"," 15972"," 17526"," 15649"," 17391"," 18875"," 14292"," 13318"," 11386"," 13539"," 5838"," 10833"," 10768"," 13971"," 14172"," 7400"," 7277"," 9766"," 6363"," 22199"," 9409"," 7948"," 12787"," 8729"," 16903"," 29289"," 42614"," 2634"," 1741"," 1148"," 1461"," 1989"," 1742"," 1423"," 1900"," 1866"," 1408"," 1269"," 1803"," 2340"," 1836"," 1884"," 1699"," 2002"
"2023F","OK","HLICK"," 3.783"," 3.783"," 3.783"," 3.784"," 3.785"," 3.786"," 3.785"," 3.783"," 3.739"," 3.707"," 3.648"," 3.634"," 3.615"," 3.593"," 3.567"," 3.534"," 3.528"," 3.464"," 3.447"," 3.537"," 3.526"," 3.478"," 3.441"," 3.418"," 3.415"," 3.421"," 3.48"," 3.512"," 3.501"," 3.543"," 3.448"," 3.435"," 3.458"," 3.424"," 3.48"," 3.462"," 3.437"," 3.449"," 3.448"," 3.44"," 3.42"," 3.426"," 3.43"," 3.447"," 3.434"," 3.433"," 3.42"," 3.392"," 3.37"," 3.313"," 3.841"," 3.841"," 3.841"," 3.841"," 3.841"," 3.841"," 3.841"," 3.841"," 3.841"," 3.841"," 3.841"," 3.841"," 3.841"," 3.841"
"2023F","OK","HLICP"," 1511"," 1635"," 1632"," 1909"," 1747"," 1704"," 1830"," 1695"," 1836"," 2310"," 2277"," 2047"," 2258"," 2528"," 2396"," 2248"," 2234"," 2253"," 2835"," 6051"," 6683"," 4592"," 5093"," 4579"," 5093"," 5517"," 4106"," 3792"," 3252"," 3821"," 1693"," 3154"," 3114"," 4080"," 4073"," 2138"," 2117"," 2832"," 1846"," 6454"," 2751"," 2320"," 3728"," 2532"," 4923"," 8532"," 12462"," 777"," 517"," 346"," 380"," 518"," 453"," 370"," 495"," 486"," 367"," 330"," 469"," 609"," 478"," 490"," 442"," 521"
"2023F","OK","HLRCB"," 14984"," 15445"," 17538"," 19144"," 17569"," 17660"," 17925"," 18740"," 19403"," 21069"," 22075"," 21183"," 22299"," 21449"," 20117"," 21412"," 21847"," 21524"," 21548"," 7180"," 6692"," 7183"," 8284"," 9854"," 6182"," 7712"," 5621"," 5183"," 5035"," 5740"," 4847"," 5225"," 4229"," 4894"," 4557"," 4619"," 6202"," 5831"," 6158"," 8719"," 9919"," 9443"," 11533"," 8686"," 7814"," 7200"," 7572"," 9472"," 8187"," 7669"," 8219"," 7105"," 5682"," 7474"," 7460"," 6949"," 6414"," 6989"," 7907"," 8375"," 7974"," 8048"," 8372"," 7271"
"2023F","OK","HLRCP"," 3901"," 4021"," 4566"," 4984"," 4574"," 4598"," 4667"," 4879"," 5052"," 5485"," 5747"," 5515"," 5806"," 5584"," 5237"," 5575"," 5688"," 5604"," 5610"," 1869"," 1742"," 1870"," 2157"," 2565"," 1610"," 2008"," 1463"," 1349"," 1311"," 1494"," 1262"," 1360"," 1101"," 1274"," 1186"," 1203"," 1615"," 1518"," 1603"," 2270"," 2582"," 2459"," 3003"," 2261"," 2034"," 1874"," 1971"," 2466"," 2131"," 1997"," 2140"," 1850"," 1479"," 1946"," 1942"," 1809"," 1670"," 1819"," 2059"," 2180"," 2076"," 2095"," 2180"," 1893"
"2023F","OK","HLTCB"," 24624"," 25928"," 28489"," 31788"," 28952"," 29304"," 30548"," 30998"," 32192"," 35670"," 36505"," 34786"," 36771"," 36542"," 34246"," 35193"," 35751"," 35673"," 37978"," 30568"," 32414"," 25779"," 28972"," 29260"," 25247"," 28546"," 21371"," 19829"," 17758"," 20684"," 11966"," 17456"," 16098"," 20144"," 20139"," 13114"," 14801"," 16916"," 13952"," 32739"," 21357"," 19417"," 26673"," 20021"," 26218"," 38152"," 51863"," 13696"," 11575"," 10252"," 11541"," 10730"," 8763"," 10600"," 11369"," 10581"," 9819"," 10994"," 12622"," 13526"," 12869"," 12884"," 12885"," 11711"
"2023F","OK","HLTCK"," 3.827"," 3.827"," 3.828"," 3.828"," 3.828"," 3.829"," 3.828"," 3.829"," 3.819"," 3.808"," 3.795"," 3.795"," 3.788"," 3.776"," 3.769"," 3.767"," 3.767"," 3.752"," 3.731"," 3.623"," 3.607"," 3.608"," 3.589"," 3.602"," 3.537"," 3.553"," 3.592"," 3.614"," 3.616"," 3.641"," 3.639"," 3.578"," 3.576"," 3.542"," 3.579"," 3.617"," 3.631"," 3.604"," 3.651"," 3.559"," 3.643"," 3.66"," 3.632"," 3.659"," 3.568"," 3.52"," 3.488"," 3.746"," 3.762"," 3.774"," 3.841"," 3.841"," 3.841"," 3.841"," 3.841"," 3.841"," 3.841"," 3.841"," 3.841"," 3.841"," 3.841"," 3.841"," 3.841"," 3.841"
"2023F","OK","HLTCP"," 6433"," 6775"," 7441"," 8304"," 7563"," 7654"," 7980"," 8096"," 8430"," 9367"," 9618"," 9167"," 9706"," 9677"," 9087"," 9342"," 9490"," 9508"," 10179"," 8437"," 8987"," 7145"," 8073"," 8122"," 7138"," 8035"," 5950"," 5487"," 4911"," 5681"," 3289"," 4878"," 4502"," 5687"," 5626"," 3625"," 4076"," 4693"," 3821"," 9198"," 5862"," 5306"," 7343"," 5472"," 7348"," 10840"," 14870"," 3656"," 3077"," 2717"," 3005"," 2794"," 2281"," 2760"," 2960"," 2755"," 2556"," 2862"," 3286"," 3521"," 3350"," 3354"," 3355"," 3049"
"2023F","OK","HLTXB"," 24624"," 25928"," 28489"," 31788"," 28952"," 29304"," 30548"," 30998"," 32192"," 35670"," 36505"," 34786"," 36771"," 36542"," 34246"," 35193"," 35751"," 35673"," 37978"," 30568"," 32414"," 25779"," 28972"," 29260"," 25247"," 28546"," 21371"," 19829"," 17758"," 20684"," 11966"," 17456"," 16098"," 20144"," 20139"," 13114"," 14801"," 16916"," 13952"," 32739"," 21357"," 19417"," 26673"," 20021"," 26218"," 38152"," 51863"," 13696"," 11575"," 10252"," 11541"," 10730"," 8763"," 10600"," 11369"," 10581"," 9819"," 10994"," 12622"," 13526"," 12869"," 12884"," 12885"," 11711"
"2023F","OK","HLTXP"," 6433"," 6775"," 7441"," 8304"," 7563"," 7654"," 7980"," 8096"," 8430"," 9367"," 9618"," 9167"," 9706"," 9677"," 9087"," 9342"," 9490"," 9508"," 10179"," 8437"," 8987"," 7145"," 8073"," 8122"," 7138"," 8035"," 5950"," 5487"," 4911"," 5681"," 3289"," 4878"," 4502"," 5687"," 5626"," 3625"," 4076"," 4693"," 3821"," 9198"," 5862"," 5306"," 7343"," 5472"," 7348"," 10840"," 14870"," 3656"," 3077"," 2717"," 3005"," 2794"," 2281"," 2760"," 2960"," 2755"," 2556"," 2862"," 3286"," 3521"," 3350"," 3354"," 3355"," 3049"
"2023F","OK","HPCAS",,,,,,,,,,,,,,,,,,,,,,,,,,,,,,,,,,,,,,,,,,,,,,,,,,,,,," 4.7"," 5.8"," 3.1"," 4"," 6.2"," 6.8"," 4.2"," 4.9"," 3.6"," 3.5"," 1.8"
"2023F","OK","HPGBP",,,,,,,,,,,,,,,,,,,,,,,,,,,,,,,,,,,,,,,,,,,,,,,,," 260"," 260"," 260"," 260"," 260"," 260"," 260"," 258"," 258"," 258"," 258"," 258"," 258"," 258"," 258"," 258"
"2023F","OK","HVCAS",,,,,,,,,,,,,,,,,,,,,,,,,,,,,,,,,,,,,,,,,,,,,,,,," 51"," 47.5"," 37.4"," 20"," 15.2"," 28.7"," 18.9"," 35.3"," 34.1"," 27"," 26.9"," 51.6"," 38.3"," 37.6"," 23.9"," 20.1"
"2023F","OK","HVGBP",,,,,,,,,,,,,,,,,,,,,,,,,,,,,,,,,,,,,,,,,,,,,,,,," 851"," 854"," 858"," 858"," 858"," 867"," 863"," 862"," 860"," 862"," 864"," 864"," 850"," 841"," 844"," 841"
"2023F","OK","HYCCB"," 0"," 0"," 0"," 0"," 0"," 0"," 0"," 0"," 0"," 0"," 0"," 0"," 0"," 0"," 0"," 0"," 0"," 0"," 0"," 0"," 0"," 0"," 0"," 0"," 0"," 0"," 0"," 0"," 0"," 0"," 0"," 0"," 0"," 0"," 0"," 0"," 0"," 0"," 0"," 0"," 0"," 0"," 0"," 0"," 0"," 0"," 0"," 0"," 0"," 0"," 0"," 0"," 0"," 0"," 0"," 0"," 0"," 0"," 0"," 0"," 0"," 0"," 0"," 0"
"2023F","OK","HYCCP"," 0"," 0"," 0"," 0"," 0"," 0"," 0"," 0"," 0"," 0"," 0"," 0"," 0"," 0"," 0"," 0"," 0"," 0"," 0"," 0"," 0"," 0"," 0"," 0"," 0"," 0"," 0"," 0"," 0"," 0"," 0"," 0"," 0"," 0"," 0"," 0"," 0"," 0"," 0"," 0"," 0"," 0"," 0"," 0"," 0"," 0"," 0"," 0"," 0"," 0"," 0"," 0"," 0"," 0"," 0"," 0"," 0"," 0"," 0"," 0"," 0"," 0"," 0"," 0"
"2023F","OK","HYEGB"," 2404"," 3418"," 2495"," 649"," 1044"," 2814"," 1748"," 2477"," 5207"," 6434"," 4796"," 4718"," 4938"," 12833"," 12250"," 10049"," 5258"," 5969"," 6015"," 7926"," 4485"," 3827"," 7130"," 8530"," 7979"," 13580"," 10069"," 10059"," 6977"," 8161"," 9317"," 6558"," 11061"," 14868"," 8580"," 9485"," 7362"," 9967"," 11972"," 10834"," 7769"," 8000"," 6783"," 6136"," 10156"," 8975"," 2128"," 10461"," 13004"," 12121"," 9584"," 5142"," 3908"," 7432"," 4874"," 9089"," 8781"," 6948"," 6943"," 13318"," 9739"," 9438"," 6038"," 5062"
"2023F","OK","HYEGP"," 705"," 1002"," 731"," 190"," 306"," 825"," 512"," 726"," 1526"," 1886"," 1406"," 1383"," 1447"," 3761"," 3590"," 2945"," 1541"," 1749"," 1763"," 2323"," 1315"," 1122"," 2090"," 2500"," 2339"," 3980"," 2951"," 2948"," 2045"," 2392"," 2731"," 1922"," 3242"," 4357"," 2515"," 2780"," 2158"," 2921"," 3509"," 3175"," 2277"," 2345"," 1988"," 1798"," 2977"," 2630"," 624"," 3066"," 3811"," 3553"," 2809"," 1507"," 1146"," 2178"," 1428"," 2664"," 2573"," 2036"," 2035"," 3903"," 2854"," 2766"," 1770"," 1483"
"2023F","OK","HYICB"," 0"," 0"," 0"," 1"," 1"," 0"," 0"," 0"," 0"," 0"," 0"," 0"," 0"," 0"," 0"," 0"," 0"," 0"," 0"," 0"," 0"," 0"," 0"," 0"," 0"," 0"," 0"," 0"," 0"," 0"," 0"," 0"," 0"," 0"," 0"," 0"," 0"," 0"," 0"," 0"," 0"," 0"," 0"," 0"," 0"," 0"," 0"," 0"," 0"," 0"," 0"," 0"," 0"," 0"," 0"," 0"," 0"," 0"," 0"," 0"," 0"," 0"," 0"," 0"
"2023F","OK","HYICP"," 0"," 0"," 0"," 0"," 0"," 0"," 0"," 0"," 0"," 0"," 0"," 0"," 0"," 0"," 0"," 0"," 0"," 0"," 0"," 0"," 0"," 0"," 0"," 0"," 0"," 0"," 0"," 0"," 0"," 0"," 0"," 0"," 0"," 0"," 0"," 0"," 0"," 0"," 0"," 0"," 0"," 0"," 0"," 0"," 0"," 0"," 0"," 0"," 0"," 0"," 0"," 0"," 0"," 0"," 0"," 0"," 0"," 0"," 0"," 0"," 0"," 0"," 0"," 0"
"2023F","OK","HYTCB"," 2404"," 3418"," 2495"," 650"," 1045"," 2814"," 1748"," 2477"," 5207"," 6434"," 4796"," 4718"," 4938"," 12833"," 12250"," 10049"," 5258"," 5969"," 6015"," 7926"," 4485"," 3827"," 7130"," 8530"," 7979"," 13580"," 10069"," 10059"," 6977"," 8161"," 9317"," 6558"," 11061"," 14868"," 8580"," 9485"," 7362"," 9967"," 11972"," 10834"," 7769"," 8000"," 6783"," 6136"," 10156"," 8975"," 2128"," 10461"," 13004"," 12121"," 9584"," 5142"," 3908"," 7432"," 4874"," 9089"," 8781"," 6948"," 6943"," 13318"," 9739"," 9438"," 6038"," 5062"
"2023F","OK","HYTCP"," 705"," 1002"," 731"," 191"," 306"," 825"," 512"," 726"," 1526"," 1886"," 1406"," 1383"," 1447"," 3761"," 3590"," 2945"," 1541"," 1749"," 1763"," 2323"," 1315"," 1122"," 2090"," 2500"," 2339"," 3980"," 2951"," 2948"," 2045"," 2392"," 2731"," 1922"," 3242"," 4357"," 2515"," 2780"," 2158"," 2921"," 3509"," 3175"," 2277"," 2345"," 1988"," 1798"," 2977"," 2630"," 624"," 3066"," 3811"," 3553"," 2809"," 1507"," 1146"," 2178"," 1428"," 2664"," 2573"," 2036"," 2035"," 3903"," 2854"," 2766"," 1770"," 1483"
"2023F","OK","HYTXB"," 0"," 0"," 0"," 1"," 1"," 0"," 0"," 0"," 0"," 0"," 0"," 0"," 0"," 0"," 0"," 0"," 0"," 0"," 0"," 0"," 0"," 0"," 0"," 0"," 0"," 0"," 0"," 0"," 0"," 0"," 0"," 0"," 0"," 0"," 0"," 0"," 0"," 0"," 0"," 0"," 0"," 0"," 0"," 0"," 0"," 0"," 0"," 0"," 0"," 0"," 0"," 0"," 0"," 0"," 0"," 0"," 0"," 0"," 0"," 0"," 0"," 0"," 0"," 0"
"2023F","OK","HYTXP"," 0"," 0"," 0"," 0"," 0"," 0"," 0"," 0"," 0"," 0"," 0"," 0"," 0"," 0"," 0"," 0"," 0"," 0"," 0"," 0"," 0"," 0"," 0"," 0"," 0"," 0"," 0"," 0"," 0"," 0"," 0"," 0"," 0"," 0"," 0"," 0"," 0"," 0"," 0"," 0"," 0"," 0"," 0"," 0"," 0"," 0"," 0"," 0"," 0"," 0"," 0"," 0"," 0"," 0"," 0"," 0"," 0"," 0"," 0"," 0"," 0"," 0"," 0"," 0"
"2023F","OK","IQICB",,,,,,,,,,,,,,,,,,,,,,,,,,,,,,,,,,,,,,,,,,,,,,,,,,," 0"," 0"," 0"," 0"," 0"," 0"," 0"," 0"," 0"," 0"," 0"," 0"," 0"," 0"
"2023F","OK","IQICP",,,,,,,,,,,,,,,,,,,,,,,,,,,,,,,,,,,,,,,,,,,,,,,,,,," 0"," 0"," 0"," 0"," 0"," 0"," 0"," 0"," 0"," 0"," 0"," 0"," 0"," 0"
"2023F","OK","IQTCB",,,,,,,,,,,,,,,,,,,,,,,,,,,,,,,,,,,,,,,,,,,,,,,,,,," 0"," 0"," 0"," 0"," 0"," 0"," 0"," 0"," 0"," 0"," 0"," 0"," 0"," 0"
"2023F","OK","IQTCP",,,,,,,,,,,,,,,,,,,,,,,,,,,,,,,,,,,,,,,,,,,,,,,,,,," 0"," 0"," 0"," 0"," 0"," 0"," 0"," 0"," 0"," 0"," 0"," 0"," 0"," 0"
"2023F","OK","IYICB",,,,,,,,,,,,,,,,,,,,,,,,,,,,,,,,,,,,,,,,,,,,,,,,,,," 0"," 0"," 0"," 0"," 0"," 0"," 0"," 0"," 0"," 0"," 0"," 0"," 0"," 0"
"2023F","OK","IYICP",,,,,,,,,,,,,,,,,,,,,,,,,,,,,,,,,,,,,,,,,,,,,,,,,,," 0"," 0"," 0"," 0"," 0"," 0"," 0"," 0"," 0"," 0"," 0"," 0"," 0"," 0"
"2023F","OK","IYTCB",,,,,,,,,,,,,,,,,,,,,,,,,,,,,,,,,,,,,,,,,,,,,,,,,,," 0"," 0"," 0"," 0"," 0"," 0"," 0"," 0"," 0"," 0"," 0"," 0"," 0"," 0"
"2023F","OK","IYTCP",,,,,,,,,,,,,,,,,,,,,,,,,,,,,,,,,,,,,,,,,,,,,,,,,,," 0"," 0"," 0"," 0"," 0"," 0"," 0"," 0"," 0"," 0"," 0"," 0"," 0"," 0"
"2023F","OK","JFACB"," 15654"," 16764"," 19373"," 19930"," 20499"," 18716"," 20704"," 23993"," 27510"," 25511"," 24021"," 23988"," 22711"," 22078"," 21971"," 21533"," 21851"," 23047"," 26200"," 25119"," 26897"," 27642"," 32793"," 33117"," 38961"," 32485"," 32939"," 41444"," 40203"," 51672"," 43793"," 59061"," 72751"," 50489"," 58109"," 30316"," 26670"," 29813"," 30322"," 37287"," 38627"," 39925"," 36478"," 35380"," 39114"," 33814"," 32097"," 30023"," 31701"," 36556"," 36148"," 36088"," 37440"," 36980"," 42513"," 40741"," 40612"," 43373"," 44340"," 40299"," 34345"," 44511"," 45504"," 47416"
"2023F","OK","JFACP"," 2920"," 3119"," 3591"," 3694"," 3799"," 3453"," 3809"," 4405"," 5048"," 4668"," 4378"," 4378"," 4143"," 4017"," 4001"," 3916"," 3967"," 4183"," 4750"," 4564"," 4900"," 5009"," 5911"," 5974"," 7017"," 5870"," 5942"," 7440"," 7224"," 9239"," 7832"," 10569"," 12948"," 9012"," 10345"," 5359"," 4707"," 5259"," 5348"," 6576"," 6812"," 7041"," 6434"," 6240"," 6898"," 5964"," 5661"," 5295"," 5591"," 6447"," 6375"," 6365"," 6603"," 6522"," 7498"," 7185"," 7163"," 7650"," 7820"," 7107"," 6057"," 7850"," 8025"," 8363"
"2023F","OK","JFTCB"," 15654"," 16764"," 19373"," 19930"," 20499"," 18716"," 20704"," 23993"," 27510"," 25511"," 24021"," 23988"," 22711"," 22078"," 21971"," 21533"," 21851"," 23047"," 26200"," 25119"," 26897"," 27642"," 32793"," 33117"," 38961"," 32485"," 32939"," 41444"," 40203"," 51672"," 43793"," 59061"," 72751"," 50489"," 58109"," 30316"," 26670"," 29813"," 30322"," 37287"," 38627"," 39925"," 36478"," 35380"," 39114"," 33814"," 32097"," 30023"," 31701"," 36556"," 36148"," 36088"," 37440"," 36980"," 42513"," 40741"," 40612"," 43373"," 44340"," 40299"," 34345"," 44511"," 45504"," 47416"
"2023F","OK","JFTCP"," 2920"," 3119"," 3591"," 3694"," 3799"," 3453"," 3809"," 4405"," 5048"," 4668"," 4378"," 4378"," 4143"," 4017"," 4001"," 3916"," 3967"," 4183"," 4750"," 4564"," 4900"," 5009"," 5911"," 5974"," 7017"," 5870"," 5942"," 7440"," 7224"," 9239"," 7832"," 10569"," 12948"," 9012"," 10345"," 5359"," 4707"," 5259"," 5348"," 6576"," 6812"," 7041"," 6434"," 6240"," 6898"," 5964"," 5661"," 5295"," 5591"," 6447"," 6375"," 6365"," 6603"," 6522"," 7498"," 7185"," 7163"," 7650"," 7820"," 7107"," 6057"," 7850"," 8025"," 8363"
"2023F","OK","JFTXB"," 15654"," 16764"," 19373"," 19930"," 20499"," 18716"," 20704"," 23993"," 27510"," 25511"," 24021"," 23988"," 22711"," 22078"," 21971"," 21533"," 21851"," 23047"," 26200"," 25119"," 26897"," 27642"," 32793"," 33117"," 38961"," 32485"," 32939"," 41444"," 40203"," 51672"," 43793"," 59061"," 72751"," 50489"," 58109"," 30316"," 26670"," 29813"," 30322"," 37287"," 38627"," 39925"," 36478"," 35380"," 39114"," 33814"," 32097"," 30023"," 31701"," 36556"," 36148"," 36088"," 37440"," 36980"," 42513"," 40741"," 40612"," 43373"," 44340"," 40299"," 34345"," 44511"," 45504"," 47416"
"2023F","OK","JFTXP"," 2920"," 3119"," 3591"," 3694"," 3799"," 3453"," 3809"," 4405"," 5048"," 4668"," 4378"," 4378"," 4143"," 4017"," 4001"," 3916"," 3967"," 4183"," 4750"," 4564"," 4900"," 5009"," 5911"," 5974"," 7017"," 5870"," 5942"," 7440"," 7224"," 9239"," 7832"," 10569"," 12948"," 9012"," 10345"," 5359"," 4707"," 5259"," 5348"," 6576"," 6812"," 7041"," 6434"," 6240"," 6898"," 5964"," 5661"," 5295"," 5591"," 6447"," 6375"," 6365"," 6603"," 6522"," 7498"," 7185"," 7163"," 7650"," 7820"," 7107"," 6057"," 7850"," 8025"," 8363"
"2023F","OK","KSCCB"," 470"," 426"," 408"," 750"," 520"," 2001"," 2007"," 706"," 983"," 1099"," 1319"," 1036"," 984"," 1034"," 827"," 601"," 319"," 355"," 455"," 153"," 85"," 215"," 1372"," 73"," 69"," 112"," 31"," 30"," 243"," 499"," 71"," 55"," 21"," 29"," 22"," 29"," 28"," 92"," 119"," 66"," 182"," 45"," 28"," 27"," 37"," 50"," 49"," 46"," 21"," 17"," 17"," 22"," 11"," 6"," 8"," 4"," 2"," 2"," 2"," 1"," 1"," 2"," 2"," 3"
"2023F","OK","KSCCP"," 83"," 75"," 72"," 132"," 92"," 353"," 354"," 125"," 173"," 194"," 233"," 183"," 174"," 182"," 146"," 106"," 56"," 63"," 80"," 27"," 15"," 38"," 242"," 13"," 12"," 20"," 5"," 5"," 43"," 88"," 13"," 10"," 4"," 5"," 4"," 5"," 5"," 16"," 21"," 12"," 32"," 8"," 5"," 5"," 7"," 9"," 9"," 8"," 4"," 3"," 3"," 4"," 2"," 1"," 1"," 1"," 0"," 0"," 0"," 0"," 0"," 0"," 0"," 1"
"2023F","OK","KSICB"," 1869"," 1673"," 1688"," 2006"," 1231"," 2915"," 3149"," 4719"," 4940"," 4306"," 4642"," 3757"," 2641"," 2456"," 1791"," 1125"," 1102"," 933"," 896"," 3470"," 1735"," 1412"," 1162"," 537"," 351"," 363"," 352"," 206"," 118"," 69"," 88"," 66"," 95"," 77"," 133"," 34"," 40"," 85"," 70"," 141"," 172"," 207"," 62"," 54"," 54"," 116"," 79"," 65"," 46"," 15"," 21"," 13"," 20"," 9"," 11"," 13"," 9"," 6"," 1"," 2"," 3"," 6"," 4"," 17"
"2023F","OK","KSICP"," 330"," 295"," 298"," 354"," 217"," 514"," 555"," 832"," 871"," 759"," 819"," 663"," 466"," 433"," 316"," 198"," 194"," 165"," 158"," 612"," 306"," 249"," 205"," 95"," 62"," 64"," 62"," 36"," 21"," 12"," 16"," 12"," 17"," 14"," 23"," 6"," 7"," 15"," 12"," 25"," 30"," 37"," 11"," 10"," 10"," 21"," 14"," 11"," 8"," 3"," 4"," 2"," 4"," 2"," 2"," 2"," 2"," 1"," 0"," 0"," 0"," 1"," 1"," 3"
"2023F","OK","KSRCB"," 104"," 95"," 91"," 167"," 116"," 445"," 446"," 157"," 218"," 244"," 293"," 230"," 219"," 230"," 184"," 134"," 71"," 79"," 101"," 34"," 119"," 85"," 79"," 72"," 113"," 173"," 51"," 124"," 141"," 110"," 57"," 56"," 61"," 40"," 29"," 21"," 114"," 79"," 71"," 51"," 334"," 37"," 87"," 80"," 95"," 32"," 49"," 46"," 16"," 25"," 27"," 18"," 5"," 6"," 9"," 3"," 3"," 8"," 2"," 2"," 4"," 3"," 3"," 5"
"2023F","OK","KSRCP"," 18"," 17"," 16"," 29"," 20"," 78"," 79"," 28"," 39"," 43"," 52"," 41"," 39"," 41"," 32"," 24"," 13"," 14"," 18"," 6"," 21"," 15"," 14"," 13"," 20"," 30"," 9"," 22"," 25"," 19"," 10"," 10"," 11"," 7"," 5"," 4"," 20"," 14"," 13"," 9"," 59"," 7"," 15"," 14"," 17"," 6"," 9"," 8"," 3"," 4"," 5"," 3"," 1"," 1"," 2"," 0"," 0"," 1"," 0"," 0"," 1"," 1"," 1"," 1"
"2023F","OK","KSTCB"," 2443"," 2194"," 2187"," 2923"," 1867"," 5360"," 5601"," 5582"," 6141"," 5649"," 6254"," 5024"," 3844"," 3720"," 2801"," 1860"," 1493"," 1368"," 1452"," 3657"," 1939"," 1712"," 2614"," 682"," 533"," 648"," 434"," 359"," 502"," 678"," 216"," 177"," 176"," 145"," 183"," 84"," 182"," 256"," 259"," 258"," 688"," 290"," 177"," 162"," 186"," 199"," 177"," 157"," 83"," 57"," 65"," 53"," 37"," 22"," 28"," 20"," 13"," 15"," 5"," 6"," 7"," 11"," 9"," 25"
"2023F","OK","KSTCP"," 431"," 387"," 386"," 515"," 329"," 945"," 988"," 984"," 1083"," 996"," 1103"," 886"," 678"," 656"," 494"," 328"," 263"," 241"," 256"," 645"," 342"," 302"," 461"," 120"," 94"," 114"," 77"," 63"," 89"," 120"," 38"," 31"," 31"," 26"," 32"," 15"," 32"," 45"," 46"," 45"," 121"," 51"," 31"," 29"," 33"," 35"," 31"," 28"," 15"," 10"," 11"," 9"," 6"," 4"," 5"," 3"," 2"," 3"," 1"," 1"," 1"," 2"," 2"," 4"
"2023F","OK","KSTXB"," 2443"," 2194"," 2187"," 2923"," 1867"," 5360"," 5601"," 5582"," 6141"," 5649"," 6254"," 5024"," 3844"," 3720"," 2801"," 1860"," 1493"," 1368"," 1452"," 3657"," 1939"," 1712"," 2614"," 682"," 533"," 648"," 434"," 359"," 502"," 678"," 216"," 177"," 176"," 145"," 183"," 84"," 182"," 256"," 259"," 258"," 688"," 290"," 177"," 162"," 186"," 199"," 177"," 157"," 83"," 57"," 65"," 53"," 37"," 22"," 28"," 20"," 13"," 15"," 5"," 6"," 7"," 11"," 9"," 25"
"2023F","OK","KSTXP"," 431"," 387"," 386"," 515"," 329"," 945"," 988"," 984"," 1083"," 996"," 1103"," 886"," 678"," 656"," 494"," 328"," 263"," 241"," 256"," 645"," 342"," 302"," 461"," 120"," 94"," 114"," 77"," 63"," 89"," 120"," 38"," 31"," 31"," 26"," 32"," 15"," 32"," 45"," 46"," 45"," 121"," 51"," 31"," 29"," 33"," 35"," 31"," 28"," 15"," 10"," 11"," 9"," 6"," 4"," 5"," 3"," 2"," 3"," 1"," 1"," 1"," 2"," 2"," 4"
"2023F","OK","LDVHN",,,,,,,,,,,,,,,,,,,,,,,,,,,,,,,,,,,,,,,,,,,,,,,,,,,,,,,,," 3985.7"," 3979.3"," 3928.6"," 3924"," 3739.1"," 3852.8"," 3945.2"," 3953.9"
"2023F","OK","LOACB"," 0"," 0"," 0"," 0"," 0"," 0"," 0"," 0"," 0"," 0"," 0"," 0"," 0"," 0"," 0"," 0"," 0"," 0"," 0"," 0"," 0"," 0"," 0"," 0"," 0"," 0"," 0"," 0"," 0"," 0"," 0"," 0"," 0"," 0"," 0"," 0"," 0"," 0"," 0"," 0"," 0"," 0"," 0"," 0"," 0"," 0"," 0"," 0"," 0"," 0"," 0"," 0"," 0"," 0"," 0"," 0"," 0"," 0"," 0"," 0"," 0"," 0"," 0"," 0"
"2023F","OK","LOCCB"," 13102"," 13415"," 15085"," 16985"," 18100"," 19766"," 21768"," 22573"," 25251"," 27746"," 30857"," 32911"," 37288"," 39244"," 40619"," 47444"," 50450"," 57054"," 59541"," 59942"," 65361"," 75586"," 79656"," 81239"," 75980"," 81163"," 78735"," 78933"," 84063"," 84589"," 102899"," 95261"," 90905"," 93201"," 99810"," 98855"," 105305"," 108171"," 114094"," 114184"," 124789"," 125625"," 124539"," 124164"," 121722"," 120439"," 125624"," 122910"," 120989"," 116397"," 120722"," 120197"," 116721"," 114196"," 114461"," 102660"," 92747"," 83672"," 82946"," 69608"," 62561"," 68412"," 72264"," 73593"
"2023F","OK","LOICB"," 17623"," 18687"," 19261"," 20922"," 22164"," 23910"," 27311"," 28433"," 30395"," 31850"," 34161"," 36395"," 41552"," 44864"," 47855"," 50390"," 56910"," 64225"," 67859"," 70730"," 71096"," 73867"," 72034"," 72877"," 69990"," 73332"," 68980"," 70924"," 74272"," 78567"," 88594"," 85861"," 84933"," 84321"," 88002"," 86684"," 92602"," 97005"," 98819"," 99928"," 108758"," 101598"," 96409"," 97437"," 101713"," 102818"," 103681"," 100245"," 97921"," 88737"," 96246"," 96883"," 96891"," 97179"," 99486"," 89454"," 80806"," 74107"," 75132"," 72443"," 68145"," 71082"," 70913"," 70175"
"2023F","OK","LORCB"," 16319"," 16720"," 19550"," 23356"," 25242"," 27421"," 30454"," 30712"," 36681"," 43461"," 50972"," 53980"," 63841"," 67400"," 71278"," 64248"," 65894"," 75696"," 80512"," 76483"," 89343"," 94985"," 99030"," 101095"," 96490"," 99843"," 93965"," 95894"," 100294"," 100226"," 128612"," 115272"," 104374"," 114610"," 121085"," 120760"," 131763"," 131662"," 146343"," 137803"," 153286"," 150584"," 148957"," 147620"," 140878"," 146845"," 149744"," 140892"," 139045"," 134918"," 150473"," 149687"," 133378"," 133515"," 130706"," 112210"," 102131"," 89136"," 94228"," 82500"," 77729"," 81227"," 82895"," 75821"
"2023F","OK","LOTCB"," 47043"," 48822"," 53896"," 61264"," 65506"," 71096"," 79533"," 81718"," 92327"," 103056"," 115989"," 123287"," 142681"," 151509"," 159752"," 162083"," 173253"," 196975"," 207912"," 207156"," 225800"," 244438"," 250719"," 255211"," 242459"," 254338"," 241680"," 245751"," 258629"," 263381"," 320105"," 296394"," 280213"," 292133"," 308896"," 306299"," 329670"," 336838"," 359256"," 351915"," 386833"," 377807"," 369904"," 369221"," 364313"," 370103"," 379049"," 364047"," 357954"," 340052"," 367442"," 366767"," 346990"," 344889"," 344653"," 304324"," 275684"," 246915"," 252306"," 224551"," 208435"," 220721"," 226072"," 219589"
"2023F","OK","LOTXB"," 47043"," 48822"," 53896"," 61264"," 65506"," 71096"," 79533"," 81718"," 92327"," 103056"," 115989"," 123287"," 142681"," 151509"," 159752"," 162083"," 173253"," 196975"," 207912"," 207156"," 225800"," 244438"," 250719"," 255211"," 242459"," 254338"," 241680"," 245751"," 258629"," 263381"," 320105"," 296394"," 280213"," 292133"," 308896"," 306299"," 329670"," 336838"," 359256"," 351915"," 386833"," 377807"," 369904"," 369221"," 364313"," 370103"," 379049"," 364047"," 357954"," 340052"," 367442"," 366767"," 346990"," 344889"," 344653"," 304324"," 275684"," 246915"," 252306"," 224551"," 208435"," 220721"," 226072"," 219589"
"2023F","OK","LUACB"," 2939"," 2860"," 2648"," 2647"," 2780"," 3195"," 3319"," 2310"," 2538"," 2718"," 2769"," 2627"," 2813"," 3331"," 3190"," 3254"," 3615"," 4711"," 5059"," 5293"," 4714"," 4521"," 4122"," 4316"," 4603"," 4289"," 4194"," 4742"," 4573"," 4690"," 4826"," 4318"," 4402"," 4482"," 4685"," 4605"," 4469"," 4721"," 4942"," 4994"," 4919"," 4507"," 4453"," 4117"," 4171"," 4149"," 4043"," 4175"," 3876"," 3484"," 2815"," 2667"," 2469"," 2505"," 2680"," 2858"," 2687"," 2547"," 2395"," 2245"," 2032"," 2145"," 2284"," 1659"
"2023F","OK","LUACP"," 485"," 472"," 437"," 436"," 458"," 527"," 547"," 381"," 418"," 448"," 457"," 433"," 464"," 549"," 526"," 537"," 596"," 777"," 834"," 873"," 777"," 745"," 680"," 712"," 759"," 707"," 692"," 782"," 754"," 773"," 796"," 712"," 726"," 739"," 772"," 759"," 737"," 778"," 815"," 823"," 811"," 743"," 734"," 679"," 688"," 684"," 667"," 688"," 639"," 575"," 464"," 440"," 407"," 413"," 442"," 471"," 443"," 420"," 395"," 370"," 335"," 354"," 377"," 273"
"2023F","OK","LUICB"," 1068"," 1040"," 918"," 917"," 963"," 924"," 960"," 1107"," 1216"," 987"," 1005"," 1934"," 2071"," 3187"," 3053"," 1659"," 1843"," 3510"," 3769"," 3944"," 3512"," 3368"," 3072"," 3216"," 3429"," 3196"," 3125"," 3533"," 3407"," 3495"," 3596"," 3217"," 3280"," 3340"," 3491"," 3431"," 3330"," 3517"," 3682"," 3721"," 3665"," 3358"," 3318"," 3068"," 3108"," 3092"," 3012"," 3110"," 2888"," 2596"," 2314"," 2361"," 2203"," 2346"," 2719"," 3014"," 2754"," 2709"," 2725"," 2631"," 2184"," 1759"," 1834"," 1590"
"2023F","OK","LUICP"," 176"," 171"," 151"," 151"," 159"," 152"," 158"," 182"," 200"," 163"," 166"," 319"," 341"," 526"," 503"," 274"," 304"," 579"," 621"," 650"," 579"," 555"," 506"," 530"," 565"," 527"," 515"," 583"," 562"," 576"," 593"," 530"," 541"," 551"," 576"," 566"," 549"," 580"," 607"," 613"," 604"," 554"," 547"," 506"," 512"," 510"," 497"," 513"," 476"," 428"," 382"," 389"," 363"," 387"," 448"," 497"," 454"," 447"," 449"," 434"," 360"," 290"," 302"," 262"
"2023F","OK","LUTCB"," 4007"," 3900"," 3566"," 3565"," 3743"," 4120"," 4280"," 3417"," 3753"," 3705"," 3774"," 4561"," 4884"," 6518"," 6242"," 4913"," 5458"," 8221"," 8828"," 9238"," 8226"," 7889"," 7194"," 7532"," 8032"," 7485"," 7319"," 8275"," 7980"," 8185"," 8423"," 7535"," 7682"," 7822"," 8176"," 8036"," 7798"," 8238"," 8624"," 8714"," 8584"," 7865"," 7771"," 7185"," 7279"," 7241"," 7055"," 7285"," 6763"," 6081"," 5129"," 5028"," 4672"," 4852"," 5399"," 5873"," 5441"," 5256"," 5119"," 4876"," 4216"," 3904"," 4117"," 3248"
"2023F","OK","LUTCP"," 661"," 643"," 588"," 588"," 617"," 679"," 706"," 563"," 619"," 611"," 622"," 752"," 805"," 1075"," 1029"," 810"," 900"," 1355"," 1456"," 1523"," 1356"," 1301"," 1186"," 1242"," 1324"," 1234"," 1207"," 1364"," 1316"," 1349"," 1389"," 1242"," 1267"," 1290"," 1348"," 1325"," 1286"," 1358"," 1422"," 1437"," 1415"," 1297"," 1281"," 1185"," 1200"," 1194"," 1163"," 1201"," 1115"," 1003"," 846"," 829"," 770"," 800"," 890"," 968"," 897"," 867"," 844"," 804"," 695"," 644"," 679"," 536"
"2023F","OK","LUTXB"," 4007"," 3900"," 3566"," 3565"," 3743"," 4120"," 4280"," 3417"," 3753"," 3705"," 3774"," 4561"," 4884"," 6518"," 6242"," 4913"," 5458"," 8221"," 8828"," 9238"," 8226"," 7889"," 7194"," 7532"," 8032"," 7485"," 7319"," 8275"," 7980"," 8185"," 8423"," 7535"," 7682"," 7822"," 8176"," 8036"," 7798"," 8238"," 8624"," 8714"," 8584"," 7865"," 7771"," 7185"," 7279"," 7241"," 7055"," 7285"," 6763"," 6081"," 5129"," 5028"," 4672"," 4852"," 5399"," 5873"," 5441"," 5256"," 5119"," 4876"," 4216"," 3904"," 4117"," 3248"
"2023F","OK","LUTXP"," 661"," 643"," 588"," 588"," 617"," 679"," 706"," 563"," 619"," 611"," 622"," 752"," 805"," 1075"," 1029"," 810"," 900"," 1355"," 1456"," 1523"," 1356"," 1301"," 1186"," 1242"," 1324"," 1234"," 1207"," 1364"," 1316"," 1349"," 1389"," 1242"," 1267"," 1290"," 1348"," 1325"," 1286"," 1358"," 1422"," 1437"," 1415"," 1297"," 1281"," 1185"," 1200"," 1194"," 1163"," 1201"," 1115"," 1003"," 846"," 829"," 770"," 800"," 890"," 968"," 897"," 867"," 844"," 804"," 695"," 644"," 679"," 536"
"2023F","OK","MBICB"," 0"," 0"," 0"," 0"," 0"," 0"," 0"," 0"," 0"," 0"," 0"," 0"," 0"," 0"," 0"," 0"," 0"," 0"," 0"," 0"," 0","-8261","-5930","-4028","-1755","-5292","-7179","-3264","-1498"," 1467"," 1420","-690"," 2031"," 0"," 0"," 0"," 0"," 0"," 0"," 0"," 0"," 0"," 0"," 0"," 0"," 0"," 0"," 0"," 0"," 0"," 0"," 0"," 0"," 0"," 0"," 0"," 0"," 0"," 0"," 0"," 0"," 0"," 0"," 0"
"2023F","OK","MBICP"," 0"," 0"," 0"," 0"," 0"," 0"," 0"," 0"," 0"," 0"," 0"," 0"," 0"," 0"," 0"," 0"," 0"," 0"," 0"," 0"," 0","-1573","-1129","-767","-334","-1007","-1367","-621","-285"," 279"," 270","-131"," 387"," 0"," 0"," 0"," 0"," 0"," 0"," 0"," 0"," 0"," 0"," 0"," 0"," 0"," 0"," 0"," 0"," 0"," 0"," 0"," 0"," 0"," 0"," 0"," 0"," 0"," 0"," 0"," 0"," 0"," 0"," 0"
"2023F","OK","MGACB"," 111089"," 114508"," 119736"," 123135"," 125948"," 130271"," 136676"," 140987"," 149534"," 157247"," 166920"," 173335"," 184192"," 192793"," 190730"," 198393"," 209244"," 216827"," 226753"," 213169"," 204729"," 215438"," 224634"," 220802"," 213070"," 214611"," 206525"," 197257"," 197897"," 197871"," 198511"," 197986"," 204237"," 207378"," 210529"," 214203"," 221514"," 215407"," 218488"," 222893"," 216448"," 216988"," 211858"," 217450"," 226121"," 225443"," 217090"," 225722"," 220762"," 217428"," 226857"," 212781"," 223789"," 219278"," 234505"," 225176"," 228069"," 222180"," 227241"," 223960"," 203672"," 218379"," 215258"," 219229"
"2023F","OK","MGACP"," 21148"," 21799"," 22794"," 23441"," 23976"," 24799"," 26019"," 26839"," 28466"," 29935"," 31776"," 32997"," 35064"," 36701"," 36309"," 37768"," 39833"," 41277"," 43166"," 40580"," 38974"," 41012"," 42763"," 42034"," 40562"," 40855"," 39316"," 37551"," 37673"," 37668"," 37790"," 37690"," 38880"," 39750"," 40378"," 41161"," 42509"," 41385"," 41993"," 42847"," 41617"," 41721"," 40750"," 41841"," 43518"," 43421"," 41869"," 43898"," 43236"," 42717"," 44772"," 42027"," 44210"," 43336"," 46354"," 44528"," 45117"," 43970"," 44963"," 44331"," 40315"," 43243"," 42634"," 43420"
"2023F","OK","MGCCB"," 929"," 973"," 1016"," 1029"," 1038"," 1071"," 1099"," 1094"," 1096"," 1166"," 1205"," 1233"," 1268"," 1313"," 1319"," 1389"," 1448"," 1480"," 1526"," 1548"," 1581"," 1654"," 1685"," 2158"," 3148"," 1776"," 1815"," 1884"," 1790"," 1641"," 1963"," 1215"," 906"," 193"," 194"," 197"," 197"," 194"," 195"," 195"," 197"," 201"," 396"," 404"," 668"," 721"," 639"," 1122"," 992"," 885"," 817"," 756"," 814"," 900"," 823"," 4828"," 4784"," 4364"," 4442"," 4462"," 4498"," 4545"," 5574"," 4677"
"2023F","OK","MGCCP"," 177"," 185"," 193"," 196"," 198"," 204"," 209"," 208"," 209"," 222"," 229"," 235"," 241"," 250"," 251"," 264"," 276"," 282"," 290"," 295"," 301"," 315"," 321"," 411"," 599"," 338"," 346"," 359"," 341"," 312"," 374"," 231"," 172"," 37"," 37"," 38"," 38"," 37"," 37"," 37"," 38"," 39"," 76"," 78"," 129"," 139"," 123"," 218"," 194"," 174"," 161"," 149"," 161"," 178"," 163"," 955"," 946"," 864"," 879"," 883"," 890"," 900"," 1104"," 926"
"2023F","OK","MGICB"," 7265"," 6761"," 5972"," 5230"," 4528"," 4264"," 3693"," 3455"," 3266"," 3039"," 2706"," 2518"," 2357"," 2548"," 2298"," 2297"," 1936"," 1809"," 1606"," 2123"," 1884"," 1818"," 1708"," 1505"," 3923"," 5130"," 4764"," 4314"," 4159"," 4769"," 4381"," 4700"," 4364"," 5353"," 5783"," 6157"," 6337"," 6494"," 6865"," 3570"," 3489"," 6594"," 7269"," 7494"," 8786"," 8255"," 8724"," 6526"," 5604"," 5638"," 4222"," 4296"," 4223"," 4664"," 3638"," 4495"," 4840"," 4868"," 4943"," 4631"," 4623"," 4578"," 4782"," 4439"
"2023F","OK","MGICP"," 1383"," 1287"," 1137"," 996"," 862"," 812"," 703"," 658"," 622"," 579"," 515"," 479"," 449"," 485"," 437"," 437"," 369"," 344"," 306"," 404"," 359"," 346"," 325"," 286"," 747"," 977"," 907"," 821"," 792"," 908"," 834"," 895"," 831"," 1026"," 1109"," 1183"," 1216"," 1248"," 1319"," 686"," 671"," 1268"," 1398"," 1442"," 1691"," 1590"," 1683"," 1269"," 1098"," 1108"," 833"," 848"," 834"," 922"," 719"," 889"," 957"," 963"," 978"," 917"," 915"," 907"," 947"," 879"
"2023F","OK","MGTCB"," 119283"," 122242"," 126725"," 129394"," 131514"," 135606"," 141467"," 145536"," 153897"," 161452"," 170831"," 177086"," 187817"," 196654"," 194347"," 202079"," 212628"," 220116"," 229885"," 216840"," 208194"," 218910"," 228027"," 224465"," 220142"," 221517"," 213104"," 203455"," 203846"," 204281"," 204855"," 203900"," 209508"," 212924"," 216507"," 220557"," 228047"," 222095"," 225547"," 226658"," 220134"," 223783"," 219523"," 225349"," 235575"," 234418"," 226453"," 233370"," 227358"," 223951"," 231897"," 217832"," 228826"," 224842"," 238966"," 234499"," 237692"," 231412"," 236626"," 233052"," 212793"," 227502"," 225614"," 228345"
"2023F","OK","MGTCP"," 22708"," 23271"," 24124"," 24632"," 25036"," 25815"," 26931"," 27705"," 29297"," 30735"," 32521"," 33711"," 35754"," 37437"," 36997"," 38469"," 40477"," 41903"," 43763"," 41279"," 39633"," 41673"," 43409"," 42731"," 41908"," 42170"," 40568"," 38731"," 38806"," 38888"," 38998"," 38816"," 39883"," 40814"," 41524"," 42382"," 43763"," 42670"," 43349"," 43571"," 42325"," 43027"," 42224"," 43361"," 45338"," 45150"," 43675"," 45385"," 44528"," 43998"," 45766"," 43024"," 45205"," 44435"," 47236"," 46371"," 47021"," 45797"," 46820"," 46131"," 42121"," 45050"," 44685"," 45226"
"2023F","OK","MGTXB"," 119283"," 122242"," 126725"," 129394"," 131514"," 135606"," 141467"," 145536"," 153897"," 161452"," 170831"," 177086"," 187817"," 196654"," 194347"," 202079"," 212628"," 220116"," 229885"," 216840"," 208194"," 218910"," 228027"," 224465"," 220142"," 221517"," 213104"," 203455"," 203846"," 204281"," 204855"," 203900"," 209508"," 212924"," 216507"," 220557"," 228047"," 222095"," 225547"," 226658"," 220134"," 223783"," 219523"," 225349"," 235575"," 234418"," 226453"," 233370"," 227358"," 223951"," 231897"," 217832"," 228826"," 224842"," 238966"," 234499"," 237692"," 231412"," 236626"," 233052"," 212793"," 227502"," 225614"," 228345"
"2023F","OK","MGTXP"," 22708"," 23271"," 24124"," 24632"," 25036"," 25815"," 26931"," 27705"," 29297"," 30735"," 32521"," 33711"," 35754"," 37437"," 36997"," 38469"," 40477"," 41903"," 43763"," 41279"," 39633"," 41673"," 43409"," 42731"," 41908"," 42170"," 40568"," 38731"," 38806"," 38888"," 38998"," 38816"," 39883"," 40814"," 41524"," 42382"," 43763"," 42670"," 43349"," 43571"," 42325"," 43027"," 42224"," 43361"," 45338"," 45150"," 43675"," 45385"," 44528"," 43998"," 45766"," 43024"," 45205"," 44435"," 47236"," 46371"," 47021"," 45797"," 46820"," 46131"," 42121"," 45050"," 44685"," 45226"
"2023F","OK","MMACB"," 111089"," 114508"," 119736"," 123135"," 125948"," 130271"," 136676"," 140987"," 149534"," 157247"," 166920"," 173335"," 184192"," 192793"," 190730"," 198393"," 209244"," 216827"," 226753"," 213169"," 204729"," 215438"," 224634"," 220802"," 213070"," 214611"," 206525"," 197257"," 197897"," 197871"," 198511"," 197986"," 204237"," 207378"," 210529"," 214203"," 221514"," 215407"," 218488"," 222893"," 216448"," 216988"," 211858"," 217450"," 226121"," 221979"," 213638"," 218906"," 207961"," 205759"," 214556"," 200724"," 211228"," 207367"," 220704"," 210356"," 213225"," 207534"," 212387"," 209101"," 190197"," 203835"," 200787"," 204445"
"2023F","OK","MMCCB"," 929"," 973"," 1016"," 1029"," 1038"," 1071"," 1099"," 1094"," 1096"," 1166"," 1205"," 1233"," 1268"," 1313"," 1319"," 1389"," 1448"," 1480"," 1526"," 1548"," 1581"," 1654"," 1685"," 2158"," 3148"," 1776"," 1815"," 1884"," 1790"," 1641"," 1963"," 1215"," 906"," 193"," 194"," 197"," 197"," 194"," 195"," 195"," 197"," 201"," 396"," 404"," 668"," 709"," 629"," 1088"," 935"," 837"," 773"," 713"," 768"," 851"," 774"," 4510"," 4472"," 4077"," 4151"," 4166"," 4200"," 4243"," 5199"," 4362"
"2023F","OK","MMICB"," 7265"," 6761"," 5972"," 5230"," 4528"," 4264"," 3693"," 3455"," 3266"," 3039"," 2706"," 2518"," 2357"," 2548"," 2298"," 2297"," 1936"," 1809"," 1606"," 2123"," 1884"," 1818"," 1708"," 1505"," 3923"," 5130"," 4764"," 4314"," 4159"," 4769"," 4381"," 4700"," 4364"," 5353"," 5783"," 6157"," 6337"," 6494"," 6865"," 3570"," 3489"," 6594"," 7269"," 7494"," 8786"," 8128"," 8585"," 6329"," 5279"," 5335"," 3993"," 4053"," 3986"," 4411"," 3424"," 4199"," 4525"," 4547"," 4620"," 4324"," 4317"," 4273"," 4460"," 4140"
"2023F","OK","MMTCB"," 119283"," 122242"," 126725"," 129394"," 131514"," 135606"," 141467"," 145536"," 153897"," 161452"," 170831"," 177086"," 187817"," 196654"," 194347"," 202079"," 212628"," 220116"," 229885"," 216840"," 208194"," 218910"," 228027"," 224465"," 220142"," 221517"," 213104"," 203455"," 203846"," 204281"," 204855"," 203900"," 209508"," 212924"," 216507"," 220557"," 228047"," 222095"," 225547"," 226658"," 220134"," 223783"," 219523"," 225349"," 235575"," 230816"," 222852"," 226324"," 214176"," 211931"," 219322"," 205490"," 215982"," 212629"," 224902"," 219065"," 222223"," 216158"," 221159"," 217590"," 198715"," 212350"," 210447"," 212947"
"2023F","OK","MSICB"," 220"," 245"," 269"," 142"," 142"," 139"," 94"," 88"," 98"," 92"," 82"," 0"," 0"," 0"," 0"," 0"," 0"," 0"," 0"," 0"," 0"," 0"," 0"," 0"," 0"," 0"," 155"," 155"," 189"," 173"," 156"," 296"," 194"," 184"," 206"," 189"," 338"," 371"," 451"," 424"," 452"," 244"," 262"," 246"," 221"," 220"," 263"," 259"," 275"," 294"," 307"," 319"," 313"," 491"," 525"," 542"," 549"," 698"," 695"," 632"," 599"," 599"," 411"," 395"
"2023F","OK","MSICP"," 38"," 42"," 46"," 25"," 25"," 24"," 16"," 15"," 17"," 16"," 14"," 0"," 0"," 0"," 0"," 0"," 0"," 0"," 0"," 0"," 0"," 0"," 0"," 0"," 0"," 0"," 27"," 27"," 33"," 30"," 27"," 51"," 34"," 32"," 35"," 33"," 58"," 64"," 78"," 73"," 78"," 42"," 45"," 42"," 38"," 38"," 45"," 45"," 47"," 51"," 53"," 55"," 54"," 85"," 91"," 94"," 95"," 120"," 120"," 109"," 103"," 103"," 71"," 68"
"2023F","OK","NAICB"," 0"," 0"," 0"," 0"," 0"," 0"," 0"," 0"," 0"," 0"," 0"," 0"," 0"," 0"," 0"," 0"," 0"," 0"," 0"," 0"," 0"," 0"," 0"," 0"," 0"," 0"," 0"," 0"," 0"," 0"," 0"," 0"," 0"," 0"," 0"," 0"," 0"," 0"," 0"," 0"," 0"," 0"," 0"," 0"," 0"," 0"," 0"," 0"," 0"," 0"," 0"," 0"," 0"," 0"," 0"," 0"," 0"," 0"," 0"," 0"," 0"," 0"," 0"," 0"
"2023F","OK","NAICP"," 0"," 0"," 0"," 0"," 0"," 0"," 0"," 0"," 0"," 0"," 0"," 0"," 0"," 0"," 0"," 0"," 0"," 0"," 0"," 0"," 0"," 0"," 0"," 0"," 0"," 0"," 0"," 0"," 0"," 0"," 0"," 0"," 0"," 0"," 0"," 0"," 0"," 0"," 0"," 0"," 0"," 0"," 0"," 0"," 0"," 0"," 0"," 0"," 0"," 0"," 0"," 0"," 0"," 0"," 0"," 0"," 0"," 0"," 0"," 0"," 0"," 0"," 0"," 0"
"2023F","OK","NGACB"," 9294"," 10406"," 8298"," 9109"," 8296"," 12882"," 13314"," 14524"," 14192"," 14372"," 23507"," 26699"," 25053"," 26309"," 24660"," 23614"," 26922"," 27763"," 19160"," 25546"," 22787"," 22539"," 29115"," 25453"," 28005"," 25815"," 21599"," 24469"," 28782"," 37285"," 26577"," 25422"," 26305"," 27296"," 26967"," 31284"," 34612"," 26315"," 24907"," 24961"," 21863"," 24952"," 24840"," 32307"," 32417"," 32610"," 32561"," 29503"," 28778"," 30081"," 31802"," 32123"," 34170"," 43650"," 49224"," 49589"," 52664"," 53488"," 59982"," 60709"," 46932"," 45077"," 45970"," 48472"
"2023F","OK","NGACP"," 8980"," 10054"," 8017"," 8878"," 8086"," 12556"," 13002"," 14184"," 13873"," 14049"," 22778"," 25871"," 24596"," 26061"," 24064"," 23704"," 27128"," 27424"," 19082"," 25408"," 22742"," 21966"," 28816"," 24555"," 27534"," 25316"," 21117"," 23735"," 27740"," 36482"," 26030"," 25091"," 25759"," 26733"," 26287"," 30833"," 33848"," 26162"," 24742"," 24456"," 21686"," 24308"," 24126"," 31356"," 31448"," 31665"," 31510"," 28663"," 27810"," 29128"," 30854"," 31204"," 33095"," 42158"," 47410"," 47400"," 50243"," 51300"," 58068"," 58828"," 45525"," 43864"," 44440"," 46862"
"2023F","OK","NGCCB"," 29836"," 24431"," 24734"," 27398"," 29979"," 27927"," 28939"," 39382"," 43734"," 42097"," 45326"," 43321"," 44668"," 40788"," 42092"," 41647"," 44521"," 48849"," 45916"," 52319"," 47228"," 41899"," 46137"," 45792"," 45183"," 41595"," 37350"," 33431"," 49668"," 39356"," 37990"," 40110"," 35935"," 41624"," 37449"," 40219"," 47194"," 45350"," 44092"," 40382"," 43476"," 41633"," 41419"," 38609"," 38246"," 40534"," 36676"," 42044"," 42192"," 42776"," 43106"," 41582"," 37279"," 45804"," 48841"," 43921"," 38850"," 39447"," 48508"," 50351"," 43710"," 45047"," 47052"," 46183"
"2023F","OK","NGCCP"," 28827"," 23605"," 23898"," 26704"," 29219"," 27219"," 28261"," 38459"," 42751"," 41151"," 43921"," 41978"," 43852"," 40403"," 41074"," 41806"," 44862"," 48253"," 45729"," 52036"," 47135"," 40833"," 45664"," 44177"," 44423"," 40791"," 36517"," 32428"," 47870"," 38509"," 37208"," 39588"," 35190"," 40766"," 36504"," 39639"," 46152"," 45086"," 43800"," 39565"," 43125"," 40558"," 40229"," 37472"," 37103"," 39359"," 35492"," 40846"," 40772"," 41421"," 41822"," 40393"," 36106"," 44238"," 47041"," 41982"," 37064"," 37833"," 46960"," 48791"," 42400"," 43835"," 45486"," 44650"
"2023F","OK","NGEIB"," 85718"," 85960"," 101223"," 119452"," 127175"," 130539"," 150661"," 157949"," 165755"," 200617"," 242232"," 248475"," 273740"," 281303"," 305889"," 312304"," 344905"," 349119"," 364320"," 351169"," 345777"," 299130"," 258035"," 249035"," 233986"," 209517"," 205720"," 196727"," 184133"," 188212"," 183600"," 181708"," 162385"," 166020"," 165976"," 166302"," 147548"," 139759"," 186624"," 181968"," 180883"," 179236"," 199729"," 202499"," 206168"," 249492"," 287049"," 294882"," 292228"," 294192"," 298734"," 273635"," 326477"," 256717"," 215996"," 266704"," 290883"," 237898"," 336184"," 360766"," 356478"," 272821"," 296458"," 368845"
"2023F","OK","NGEIK"," 1.035"," 1.035"," 1.035"," 1.026"," 1.026"," 1.026"," 1.024"," 1.024"," 1.023"," 1.023"," 1.032"," 1.032"," 1.051"," 1.04"," 1.041"," 1.038"," 1.042"," 1.046"," 1.048"," 1.05"," 1.048"," 1.047"," 1.045"," 1.051"," 1.04"," 1.044"," 1.043"," 1.047"," 1.039"," 1.042"," 1.042"," 1.039"," 1.038"," 1.039"," 1.034"," 1.034"," 1.028"," 1.032"," 1.03"," 1.028"," 1.029"," 1.031"," 1.025"," 1.029"," 1.031"," 1.03"," 1.03"," 1.029"," 1.033"," 1.033"," 1.034"," 1.036"," 1.027"," 1.037"," 1.041"," 1.048"," 1.05"," 1.041"," 1.031"," 1.034"," 1.031"," 1.031"," 1.033"," 1.031"
"2023F","OK","NGEIP"," 82820"," 83053"," 97800"," 116425"," 123952"," 127231"," 147130"," 154247"," 162029"," 196106"," 234721"," 240771"," 260457"," 270484"," 293842"," 300871"," 331003"," 333766"," 347634"," 334446"," 329940"," 285702"," 246923"," 236950"," 224987"," 200686"," 197239"," 187895"," 177222"," 180617"," 176242"," 174885"," 156414"," 159757"," 160595"," 160858"," 143496"," 135487"," 181191"," 177045"," 175758"," 173893"," 194770"," 196710"," 199907"," 242178"," 278602"," 286686"," 282942"," 284689"," 288986"," 264178"," 317867"," 247556"," 207577"," 254401"," 276964"," 228586"," 326213"," 348744"," 345716"," 264522"," 286901"," 357681"
"2023F","OK","NGGBP",,,,,,,,,,,,,,,,,,,,,,,,,,,,,,,,,,,,,,,,,,,,,,,,," 12985"," 13125"," 12951"," 13445"," 13797"," 13584"," 13738"," 13235"," 13235"," 14168"," 13724"," 14658"," 14767"," 14863"," 16479"," 14886"
"2023F","OK","NGICB"," 132527"," 130134"," 216976"," 270764"," 288163"," 242197"," 187684"," 179295"," 207700"," 224625"," 225274"," 235011"," 227396"," 202962"," 233745"," 221669"," 272949"," 274067"," 274875"," 329513"," 246389"," 259291"," 278689"," 252950"," 279329"," 249319"," 237919"," 296776"," 273913"," 282093"," 313057"," 272607"," 273826"," 285151"," 294277"," 278920"," 280244"," 289870"," 261377"," 240574"," 233077"," 193070"," 187394"," 215219"," 217160"," 216231"," 233601"," 249429"," 279649"," 249682"," 256272"," 266376"," 263841"," 267658"," 281609"," 289035"," 300757"," 308062"," 327993"," 331803"," 335186"," 317327"," 320151"," 336934"
"2023F","OK","NGICP"," 128045"," 125733"," 209639"," 263902"," 280861"," 236059"," 183285"," 175093"," 203030"," 219575"," 218289"," 227724"," 223244"," 201046"," 228093"," 222517"," 275039"," 270721"," 273758"," 327733"," 245902"," 252696"," 275831"," 244028"," 274630"," 244502"," 232611"," 287869"," 263995"," 276021"," 306609"," 269061"," 268146"," 279275"," 286851"," 274901"," 274053"," 288181"," 259647"," 235709"," 231195"," 188083"," 182010"," 208883"," 210670"," 209962"," 226062"," 242324"," 270239"," 241774"," 248636"," 258758"," 255541"," 258509"," 271232"," 276277"," 286933"," 295458"," 317527"," 321524"," 325139"," 308792"," 309495"," 325748"
"2023F","OK","NGRCB"," 61894"," 65120"," 65172"," 64266"," 69192"," 66534"," 68721"," 69012"," 76502"," 77042"," 79939"," 77646"," 79052"," 74447"," 74744"," 79617"," 81454"," 87895"," 84389"," 85748"," 76751"," 71595"," 80352"," 82137"," 82771"," 77611"," 68162"," 66149"," 74674"," 73372"," 66998"," 70112"," 67205"," 80009"," 71002"," 69706"," 78360"," 72183"," 66964"," 62882"," 67406"," 66330"," 69149"," 67674"," 61281"," 61145"," 54493"," 61616"," 68531"," 64331"," 67438"," 63194"," 50645"," 68448"," 71692"," 62142"," 53010"," 53248"," 69560"," 70060"," 62595"," 65642"," 63335"," 61104"
"2023F","OK","NGRCP"," 59801"," 62918"," 62968"," 62637"," 67439"," 64848"," 67110"," 67395"," 74782"," 75310"," 77460"," 75238"," 77608"," 73744"," 72937"," 79921"," 82078"," 86822"," 84046"," 85285"," 76599"," 69774"," 79528"," 79240"," 81379"," 76112"," 66641"," 64164"," 71970"," 71793"," 65618"," 69200"," 65811"," 78360"," 69211"," 68702"," 76629"," 71762"," 66521"," 61611"," 66862"," 64617"," 67163"," 65681"," 59449"," 59372"," 52734"," 59861"," 66225"," 62293"," 65429"," 61387"," 49052"," 66108"," 69050"," 59399"," 50573"," 51069"," 67340"," 67890"," 60719"," 63876"," 61227"," 59076"
"2023F","OK","NGTCB"," 319270"," 316051"," 416403"," 490988"," 522805"," 480079"," 449319"," 460163"," 507884"," 558754"," 616279"," 631152"," 649909"," 625808"," 681130"," 678851"," 770752"," 787694"," 788658"," 844294"," 738931"," 694455"," 692328"," 655366"," 669277"," 603855"," 570749"," 617551"," 611171"," 620318"," 628222"," 589960"," 565655"," 600099"," 595671"," 586432"," 587957"," 573479"," 583964"," 550768"," 546706"," 505220"," 522530"," 556306"," 555273"," 600011"," 644381"," 677472"," 711379"," 681062"," 697351"," 676910"," 712411"," 682277"," 667360"," 711393"," 736164"," 692145"," 842224"," 873688"," 844903"," 745911"," 772966"," 861539"
"2023F","OK","NGTCK"," 1.035"," 1.035"," 1.035"," 1.026"," 1.026"," 1.026"," 1.024"," 1.024"," 1.023"," 1.023"," 1.032"," 1.032"," 1.032"," 1.023"," 1.032"," 1.015"," 1.014"," 1.027"," 1.024"," 1.024"," 1.023"," 1.035"," 1.023"," 1.042"," 1.025"," 1.028"," 1.03"," 1.036"," 1.038"," 1.028"," 1.027"," 1.021"," 1.026"," 1.026"," 1.028"," 1.02"," 1.024"," 1.012"," 1.014"," 1.023"," 1.015"," 1.028"," 1.028"," 1.03"," 1.031"," 1.03"," 1.032"," 1.029"," 1.034"," 1.033"," 1.032"," 1.032"," 1.03"," 1.036"," 1.039"," 1.047"," 1.049"," 1.042"," 1.032"," 1.033"," 1.031"," 1.029"," 1.034"," 1.033"
"2023F","OK","NGTCP"," 308473"," 305363"," 402322"," 478546"," 509557"," 467913"," 438788"," 449378"," 496465"," 546191"," 597169"," 611582"," 629757"," 611738"," 660010"," 668819"," 760110"," 766986"," 770249"," 824908"," 722318"," 670971"," 676762"," 628950"," 652953"," 587407"," 554125"," 596091"," 588797"," 603422"," 611706"," 577825"," 551321"," 584891"," 579447"," 574934"," 574177"," 566678"," 575901"," 538386"," 538626"," 491459"," 508298"," 540103"," 538577"," 582535"," 624400"," 658379"," 687988"," 659305"," 675727"," 655920"," 691661"," 658569"," 642310"," 679459"," 701777"," 664246"," 816108"," 845777"," 819499"," 724890"," 747549"," 834017"
"2023F","OK","NGTPB"," 136.7"," 132.8"," 171.6"," 201.3"," 213.7"," 196.8"," 183.1"," 184.9"," 202.9"," 220.4"," 240.1"," 241"," 244.5"," 232.1"," 249.1"," 244.7"," 272.7"," 274.5"," 270.3"," 283.8"," 243"," 224.3"," 215.9"," 199.2"," 203.7"," 184.6"," 175.5"," 192.4"," 193"," 196.9"," 199.5"," 185.8"," 175.6"," 184.5"," 181.6"," 177.3"," 176"," 170"," 171.5"," 160.2"," 158.3"," 145.7"," 149.8"," 158.7"," 157.5"," 169.1"," 179.3"," 186.4"," 193.9"," 183.2"," 185.5"," 178.7"," 186.5"," 177"," 172"," 181.9"," 187.4"," 176"," 213.6"," 220.6"," 213.1"," 186.8"," 192"," 212"
"2023F","OK","NGTPP"," 132.1"," 128.3"," 165.8"," 196.2"," 208.3"," 191.8"," 178.8"," 180.5"," 198.3"," 215.5"," 232.6"," 233.6"," 236.9"," 226.9"," 241.3"," 241"," 268.9"," 267.2"," 264"," 277.3"," 237.5"," 216.7"," 211.1"," 191.1"," 198.7"," 179.6"," 170.4"," 185.7"," 185.9"," 191.5"," 194.3"," 182"," 171.2"," 179.8"," 176.6"," 173.8"," 171.9"," 168"," 169.1"," 156.6"," 155.9"," 141.7"," 145.7"," 154.1"," 152.8"," 164.2"," 173.7"," 181.2"," 187.5"," 177.3"," 179.7"," 173.1"," 181.1"," 170.9"," 165.6"," 173.8"," 178.7"," 168.9"," 207"," 213.5"," 206.7"," 181.6"," 185.7"," 205.2"
"2023F","OK","NGTXB"," 233551"," 230091"," 315180"," 371537"," 395631"," 349540"," 298658"," 302214"," 342128"," 358137"," 374046"," 382677"," 376169"," 344506"," 375242"," 366546"," 425846"," 438575"," 424339"," 493125"," 393155"," 395325"," 434292"," 406332"," 435288"," 394339"," 365030"," 420826"," 427038"," 432106"," 444622"," 408251"," 403271"," 434079"," 429696"," 420129"," 440410"," 433718"," 397339"," 368799"," 365822"," 325985"," 322802"," 353808"," 349104"," 350520"," 357330"," 382592"," 419150"," 386870"," 398618"," 403275"," 385935"," 425559"," 451366"," 444687"," 445280"," 454245"," 506042"," 512923"," 488423"," 473092"," 476508"," 492693"
"2023F","OK","NGTXK"," 1.035"," 1.035"," 1.035"," 1.026"," 1.026"," 1.026"," 1.024"," 1.024"," 1.023"," 1.023"," 1.032"," 1.032"," 1.019"," 1.01"," 1.025"," .996"," .992"," 1.012"," 1.004"," 1.005"," 1.002"," 1.026"," 1.01"," 1.037"," 1.017"," 1.02"," 1.023"," 1.031"," 1.038"," 1.022"," 1.021"," 1.013"," 1.021"," 1.021"," 1.026"," 1.015"," 1.023"," 1.006"," 1.007"," 1.021"," 1.008"," 1.027"," 1.03"," 1.03"," 1.031"," 1.03"," 1.033"," 1.029"," 1.035"," 1.033"," 1.031"," 1.029"," 1.032"," 1.035"," 1.038"," 1.046"," 1.048"," 1.043"," 1.033"," 1.032"," 1.031"," 1.028"," 1.034"," 1.034"
"2023F","OK","NGTXP"," 225653"," 222310"," 304522"," 362121"," 385605"," 340682"," 291658"," 295131"," 334436"," 350085"," 362448"," 370811"," 369300"," 341254"," 366168"," 367948"," 429107"," 433220"," 422615"," 490462"," 392378"," 385269"," 429839"," 392000"," 427966"," 386721"," 356886"," 408196"," 411575"," 422804"," 435464"," 402940"," 394907"," 425134"," 418852"," 414075"," 430681"," 431191"," 394711"," 361341"," 362868"," 317566"," 313528"," 343393"," 338670"," 340357"," 345798"," 371694"," 405046"," 374616"," 386741"," 391742"," 373794"," 411013"," 434733"," 425058"," 424813"," 435660"," 489895"," 497033"," 473783"," 460367"," 460648"," 476336"
"2023F","OK","NNTCB"," 319270"," 316051"," 416403"," 490988"," 522805"," 480079"," 449319"," 460163"," 507884"," 558754"," 616279"," 631152"," 649909"," 625808"," 681130"," 678851"," 770752"," 787694"," 788658"," 844294"," 738931"," 694455"," 692328"," 655366"," 669277"," 603855"," 570749"," 617551"," 611171"," 620318"," 628222"," 589960"," 565655"," 600099"," 595671"," 586432"," 587957"," 573479"," 583964"," 550768"," 546706"," 505220"," 522530"," 556306"," 555273"," 600011"," 644381"," 677472"," 711379"," 681062"," 697351"," 676910"," 712411"," 682277"," 667360"," 711393"," 736164"," 692145"," 842224"," 873688"," 844903"," 745911"," 772405"," 860217"
"2023F","OK","NTCAS",,,,,,,,,,,,,,,,,,,,,,,,,,,,,,,,,,,,,,,,,,,,,,,,," 1.6"," 1.7"," 2.4"," 3.2"," 3"," .6"," 3.1"," 4.9"," 7.5"," 4.8"," 15.4"," 16"," 13.8"," 15.2"," 12.9"," 11.9"
"2023F","OK","NUCAS",,,,,,,,,,,,,,,,,,,,,,,,,,,,,,,,,,,,,,,,,,,,,,,,," 0"," 0"," 0"," 0"," 0"," 0"," 0"," 0"," 0"," 0"," 0"," 0"," 0"," 0"," 0"," 0"
"2023F","OK","NUEGB"," 0"," 0"," 0"," 0"," 0"," 0"," 0"," 0"," 0"," 0"," 0"," 0"," 0"," 0"," 0"," 0"," 0"," 0"," 0"," 0"," 0"," 0"," 0"," 0"," 0"," 0"," 0"," 0"," 0"," 0"," 0"," 0"," 0"," 0"," 0"," 0"," 0"," 0"," 0"," 0"," 0"," 0"," 0"," 0"," 0"," 0"," 0"," 0"," 0"," 0"," 0"," 0"," 0"," 0"," 0"," 0"," 0"," 0"," 0"," 0"," 0"," 0"," 0"," 0"
"2023F","OK","NUEGP"," 0"," 0"," 0"," 0"," 0"," 0"," 0"," 0"," 0"," 0"," 0"," 0"," 0"," 0"," 0"," 0"," 0"," 0"," 0"," 0"," 0"," 0"," 0"," 0"," 0"," 0"," 0"," 0"," 0"," 0"," 0"," 0"," 0"," 0"," 0"," 0"," 0"," 0"," 0"," 0"," 0"," 0"," 0"," 0"," 0"," 0"," 0"," 0"," 0"," 0"," 0"," 0"," 0"," 0"," 0"," 0"," 0"," 0"," 0"," 0"," 0"," 0"," 0"," 0"
"2023F","OK","NUETB"," 0"," 0"," 0"," 0"," 0"," 0"," 0"," 0"," 0"," 0"," 0"," 0"," 0"," 0"," 0"," 0"," 0"," 0"," 0"," 0"," 0"," 0"," 0"," 0"," 0"," 0"," 0"," 0"," 0"," 0"," 0"," 0"," 0"," 0"," 0"," 0"," 0"," 0"," 0"," 0"," 0"," 0"," 0"," 0"," 0"," 0"," 0"," 0"," 0"," 0"," 0"," 0"," 0"," 0"," 0"," 0"," 0"," 0"," 0"," 0"," 0"," 0"," 0"," 0"
"2023F","OK","NUETP"," 0"," 0"," 0"," 0"," 0"," 0"," 0"," 0"," 0"," 0"," 0"," 0"," 0"," 0"," 0"," 0"," 0"," 0"," 0"," 0"," 0"," 0"," 0"," 0"," 0"," 0"," 0"," 0"," 0"," 0"," 0"," 0"," 0"," 0"," 0"," 0"," 0"," 0"," 0"," 0"," 0"," 0"," 0"," 0"," 0"," 0"," 0"," 0"," 0"," 0"," 0"," 0"," 0"," 0"," 0"," 0"," 0"," 0"," 0"," 0"," 0"," 0"," 0"," 0"
"2023F","OK","NUGBP",,,,,,,,,,,,,,,,,,,,,,,,,,,,,,,,,,,,,,,,,,,,,,,,," 0"," 0"," 0"," 0"," 0"," 0"," 0"," 0"," 0"," 0"," 0"," 0"," 0"," 0"," 0"," 0"
"2023F","OK","NYCAS",,,,,,,,,,,,,,,,,,,,,,,,,,,,,,,,,,,,,,,,,,,,,,,,," 19.2"," 16.7"," 20.3"," 19.8"," 19.1"," 14.4"," 7.5"," 6.6"," 10.7"," 7"," 9.7"," 12.2"," 12.5"," 8.1"," 11.1"," 15.8"
"2023F","OK","OHICB",,,,,,,,,,,,,,,,,,,,,,,,,,,,,,,,,,,,,,,,,,,,,,,,,,," 0"," 0"," 0"," 0"," 0"," 0"," 0"," 0"," 0"," 0"," 0"," 0"," 0"," 0"
"2023F","OK","OJGBP",,,,,,,,,,,,,,,,,,,,,,,,,,,,,,,,,,,,,,,,,,,,,,,,," 6"," 6"," 0"," 0"," 0"," 0"," 0"," 0"," 0"," 0"," 0"," 0"," 0"," 0"," 0"," 0"
"2023F","OK","OMTCB"," 33271"," 32171"," 33187"," 34204"," 34609"," 36351"," 36258"," 36513"," 37706"," 39709"," 39519"," 37085"," 39892"," 39238"," 39556"," 42221"," 41450"," 41722"," 42468"," 41790"," 40494"," 23176"," 20224"," 24861"," 22651"," 20043"," 19790"," 23701"," 29237"," 30328"," 30979"," 26175"," 32184"," 29264"," 31764"," 30727"," 36774"," 37277"," 31930"," 33495"," 31294"," 42161"," 38971"," 43156"," 42781"," 45317"," 47708"," 48980"," 42689"," 42378"," 45596"," 46499"," 47561"," 46505"," 42923"," 43328"," 46343"," 47775"," 47006"," 47584"," 47263"," 45566"," 45437"," 44307"
"2023F","OK","OPACB"," 0"," 0"," 0"," 0"," 0"," 0"," 0"," 0"," 0"," 0"," 0"," 0"," 0"," 0"," 0"," 0"," 0"," 0"," 0"," 0"," 0"," 0"," 0"," 0"," 0"," 0"," 0"," 0"," 0"," 0"," 0"," 0"," 0"," 0"," 0"," 0"," 0"," 0"," 0"," 0"," 0"," 0"," 0"," 0"," 0"," 0"," 0"," 0"," 0"," 0"," 0"," 0"," 0"," 0"," 0"," 0"," 0"," 0"," 0"," 0"," 0"," 2011"," 1929"," 2796"
"2023F","OK","OPACP"," 0"," 0"," 0"," 0"," 0"," 0"," 0"," 0"," 0"," 0"," 0"," 0"," 0"," 0"," 0"," 0"," 0"," 0"," 0"," 0"," 0"," 0"," 0"," 0"," 0"," 0"," 0"," 0"," 0"," 0"," 0"," 0"," 0"," 0"," 0"," 0"," 0"," 0"," 0"," 0"," 0"," 0"," 0"," 0"," 0"," 0"," 0"," 0"," 0"," 0"," 0"," 0"," 0"," 0"," 0"," 0"," 0"," 0"," 0"," 0"," 0"," 375"," 360"," 522"
"2023F","OK","OPCCB",,,,,,,,,,,,,,,,,,,,,,,,,,,,,,,,,,,,,,,,,,,,,,,,,,,,,,,,,,,,,," 0"," 0"," 0"
"2023F","OK","OPCCP",,,,,,,,,,,,,,,,,,,,,,,,,,,,,,,,,,,,,,,,,,,,,,,,,,,,,,,,,,,,,," 0"," 0"," 0"
"2023F","OK","OPEIB",,,,,,,,,,,,,,,,,,,,,,,,,,,,,,,,,,,,,,,,,,,,,,,,,,,,,,,,,,,,,," 0"," 0"," 0"
"2023F","OK","OPEIP",,,,,,,,,,,,,,,,,,,,,,,,,,,,,,,,,,,,,,,,,,,,,,,,,,,,,,,,,,,,,," 0"," 0"," 0"
"2023F","OK","OPICB"," 33271"," 32171"," 33187"," 34204"," 34609"," 36351"," 36258"," 36513"," 37706"," 39709"," 39519"," 37085"," 39892"," 39238"," 39556"," 42221"," 41450"," 41722"," 42468"," 41790"," 40494"," 23176"," 20224"," 24861"," 22651"," 20043"," 19790"," 23701"," 29237"," 30328"," 30979"," 26175"," 32184"," 29264"," 31764"," 30727"," 36774"," 37277"," 31930"," 33495"," 31294"," 42161"," 38971"," 43156"," 42781"," 45317"," 47708"," 48980"," 42689"," 42378"," 45596"," 46499"," 47561"," 46505"," 42923"," 43328"," 46343"," 47775"," 47006"," 47584"," 47263"," 45566"," 45437"," 44307"
"2023F","OK","OPICP"," 5546"," 5363"," 5533"," 5701"," 5776"," 6067"," 6055"," 6096"," 6295"," 6630"," 6599"," 6195"," 6664"," 6555"," 6608"," 7050"," 6922"," 6968"," 7096"," 6983"," 6766"," 3636"," 3198"," 4035"," 3710"," 3188"," 3091"," 3834"," 4807"," 5046"," 5154"," 4299"," 5379"," 4837"," 5274"," 5093"," 6134"," 6220"," 5300"," 5569"," 5177"," 7032"," 6496"," 7203"," 7137"," 7570"," 7975"," 8189"," 7122"," 7059"," 7610"," 7764"," 7941"," 7784"," 7174"," 7249"," 7415"," 7649"," 7508"," 7637"," 7606"," 7284"," 7253"," 7072"
"2023F","OK","OPRCB",,,,,,,,,,,,,,,,,,,,,,,,,,,,,,,,,,,,,,,,,,,,,,,,,,,,,,,,,,,,,," 0"," 0"," 0"
"2023F","OK","OPRCP",,,,,,,,,,,,,,,,,,,,,,,,,,,,,,,,,,,,,,,,,,,,,,,,,,,,,,,,,,,,,," 0"," 0"," 0"
"2023F","OK","OPTCB"," 33271"," 32171"," 33187"," 34204"," 34609"," 36351"," 36258"," 36513"," 37706"," 39709"," 39519"," 37085"," 39892"," 39238"," 39556"," 42221"," 41450"," 41722"," 42468"," 41790"," 40494"," 23176"," 20224"," 24861"," 22651"," 20043"," 19790"," 23701"," 29237"," 30328"," 30979"," 26175"," 32184"," 29264"," 31764"," 30727"," 36774"," 37277"," 31930"," 33495"," 31294"," 42161"," 38971"," 43156"," 42781"," 45317"," 47708"," 48980"," 42689"," 42378"," 45596"," 46499"," 47561"," 46505"," 42923"," 43328"," 46343"," 47775"," 47006"," 47584"," 47263"," 47577"," 47366"," 47103"
"2023F","OK","OPTCP"," 5546"," 5363"," 5533"," 5701"," 5776"," 6067"," 6055"," 6096"," 6295"," 6630"," 6599"," 6195"," 6664"," 6555"," 6608"," 7050"," 6922"," 6968"," 7096"," 6983"," 6766"," 3636"," 3198"," 4035"," 3710"," 3188"," 3091"," 3834"," 4807"," 5046"," 5154"," 4299"," 5379"," 4837"," 5274"," 5093"," 6134"," 6220"," 5300"," 5569"," 5177"," 7032"," 6496"," 7203"," 7137"," 7570"," 7975"," 8189"," 7122"," 7059"," 7610"," 7764"," 7941"," 7784"," 7174"," 7249"," 7415"," 7649"," 7508"," 7637"," 7606"," 7660"," 7613"," 7594"
"2023F","OK","OPTXB"," 33271"," 32171"," 33187"," 34204"," 34609"," 36351"," 36258"," 36513"," 37706"," 39709"," 39519"," 37085"," 39892"," 39238"," 39556"," 42221"," 41450"," 41722"," 42468"," 41790"," 40494"," 23176"," 20224"," 24861"," 22651"," 20043"," 19790"," 23701"," 29237"," 30328"," 30979"," 26175"," 32184"," 29264"," 31764"," 30727"," 36774"," 37277"," 31930"," 33495"," 31294"," 42161"," 38971"," 43156"," 42781"," 45317"," 47708"," 48980"," 42689"," 42378"," 45596"," 46499"," 47561"," 46505"," 42923"," 43328"," 46343"," 47775"," 47006"," 47584"," 47263"," 47577"," 47366"," 47103"
"2023F","OK","OPTXP"," 5546"," 5363"," 5533"," 5701"," 5776"," 6067"," 6055"," 6096"," 6295"," 6630"," 6599"," 6195"," 6664"," 6555"," 6608"," 7050"," 6922"," 6968"," 7096"," 6983"," 6766"," 3636"," 3198"," 4035"," 3710"," 3188"," 3091"," 3834"," 4807"," 5046"," 5154"," 4299"," 5379"," 4837"," 5274"," 5093"," 6134"," 6220"," 5300"," 5569"," 5177"," 7032"," 6496"," 7203"," 7137"," 7570"," 7975"," 8189"," 7122"," 7059"," 7610"," 7764"," 7941"," 7784"," 7174"," 7249"," 7415"," 7649"," 7508"," 7637"," 7606"," 7660"," 7613"," 7594"
"2023F","OK","OTGBP",,,,,,,,,,,,,,,,,,,,,,,,,,,,,,,,,,,,,,,,,,,,,,,,," 0"," 0"," 0"," 0"," 0"," 0"," 0"," 0"," 0"," 0"," 0"," 0"," 0"," 0"," 0"," 0"
"2023F","OK","P1ICB"," 64380"," 63314"," 67019"," 68419"," 73630"," 79271"," 76866"," 79530"," 82531"," 83686"," 89565"," 92043"," 86523"," 91397"," 92505"," 98299"," 90441"," 91816"," 90508"," 95774"," 93247"," 62101"," 58181"," 70102"," 57057"," 59591"," 55445"," 56041"," 67284"," 63721"," 70207"," 64331"," 67925"," 70855"," 68951"," 65291"," 68604"," 60271"," 63430"," 59988"," 59691"," 85979"," 79619"," 78454"," 84633"," 86027"," 84285"," 91532"," 72887"," 70669"," 74971"," 72941"," 78288"," 73511"," 66373"," 71573"," 72123"," 72944"," 71073"," 72889"," 70712"," 68619"," 70402"," 67000"
"2023F","OK","P1ICP"," 10522"," 10339"," 10906"," 11127"," 11939"," 12857"," 12492"," 12955"," 13450"," 13625"," 14487"," 14824"," 13938"," 14722"," 14853"," 15792"," 14584"," 14818"," 14630"," 15502"," 15047"," 9768"," 9158"," 11108"," 9107"," 9347"," 8676"," 8924"," 10759"," 10306"," 11306"," 10281"," 11011"," 11360"," 11085"," 10504"," 11134"," 9889"," 10263"," 9790"," 9689"," 13858"," 12845"," 12747"," 13586"," 13857"," 13630"," 14740"," 11803"," 11451"," 12171"," 11881"," 12706"," 11981"," 10830"," 11638"," 11429"," 11572"," 11268"," 11584"," 11259"," 10870"," 11138"," 10604"
"2023F","OK","P1TCB"," 70730"," 69131"," 73540"," 75430"," 80663"," 88671"," 86093"," 85272"," 88760"," 90191"," 96208"," 98062"," 92547"," 97947"," 98563"," 103849"," 95962"," 98630"," 97893"," 102806"," 99818"," 68275"," 64540"," 75173"," 62793"," 65263"," 60985"," 61839"," 73111"," 69853"," 75900"," 69319"," 73034"," 75933"," 74110"," 70724"," 73808"," 65568"," 69231"," 65611"," 65672"," 90973"," 84797"," 83212"," 89608"," 90583"," 89745"," 96057"," 77027"," 75434"," 78832"," 76587"," 81649"," 76690"," 69337"," 74732"," 75106"," 75805"," 73804"," 75488"," 73059"," 73096"," 74946"," 71772"
"2023F","OK","P1TCP"," 11670"," 11385"," 12099"," 12408"," 13226"," 14560"," 14156"," 13997"," 14574"," 14794"," 15675"," 15901"," 15011"," 15882"," 15925"," 16767"," 15549"," 16002"," 15913"," 16715"," 16188"," 10834"," 10249"," 11966"," 10087"," 10322"," 9633"," 9911"," 11753"," 11352"," 12271"," 11124"," 11875"," 12216"," 11950"," 11427"," 12013"," 10778"," 11244"," 10735"," 10700"," 14696"," 13721"," 13551"," 14430"," 14620"," 14576"," 15496"," 12494"," 12279"," 12841"," 12514"," 13290"," 12527"," 11328"," 12168"," 11930"," 12054"," 11729"," 12024"," 11657"," 11662"," 11940"," 11462"
"2023F","OK","P1TXB"," 70730"," 69131"," 73540"," 75430"," 80663"," 88671"," 86093"," 85272"," 88760"," 90191"," 96208"," 98062"," 92547"," 97947"," 98563"," 103849"," 95962"," 98630"," 97893"," 102806"," 99818"," 68275"," 64540"," 75173"," 62793"," 65263"," 60985"," 61839"," 73111"," 69853"," 75900"," 69319"," 73034"," 75933"," 74110"," 70724"," 73808"," 65568"," 69231"," 65611"," 65672"," 90973"," 84797"," 83212"," 89608"," 90583"," 89745"," 96057"," 77027"," 75434"," 78832"," 76587"," 81649"," 76690"," 69337"," 74732"," 75106"," 75805"," 73804"," 75488"," 73059"," 73096"," 74946"," 71772"
"2023F","OK","P1TXP"," 11670"," 11385"," 12099"," 12408"," 13226"," 14560"," 14156"," 13997"," 14574"," 14794"," 15675"," 15901"," 15011"," 15882"," 15925"," 16767"," 15549"," 16002"," 15913"," 16715"," 16188"," 10834"," 10249"," 11966"," 10087"," 10322"," 9633"," 9911"," 11753"," 11352"," 12271"," 11124"," 11875"," 12216"," 11950"," 11427"," 12013"," 10778"," 11244"," 10735"," 10700"," 14696"," 13721"," 13551"," 14430"," 14620"," 14576"," 15496"," 12494"," 12279"," 12841"," 12514"," 13290"," 12527"," 11328"," 12168"," 11930"," 12054"," 11729"," 12024"," 11657"," 11662"," 11940"," 11462"
"2023F","OK","PAACB"," 141398"," 146058"," 156541"," 164868"," 169197"," 168569"," 178435"," 184536"," 201546"," 207110"," 217945"," 220630"," 237363"," 246222"," 244588"," 254837"," 271190"," 284731"," 301688"," 293234"," 285672"," 307191"," 320244"," 318969"," 317564"," 314808"," 302645"," 306576"," 308271"," 318978"," 313637"," 322763"," 348648"," 336268"," 349123"," 328705"," 346928"," 348721"," 357548"," 375512"," 403775"," 440147"," 410255"," 412644"," 379575"," 405327"," 416221"," 428690"," 432175"," 412394"," 422601"," 411410"," 411683"," 399684"," 430964"," 420450"," 417609"," 425615"," 428501"," 415244"," 380469"," 410098"," 410725"," 413205"
"2023F","OK","PAACP"," 26737"," 27621"," 29566"," 31096"," 31871"," 31839"," 33699"," 34852"," 37965"," 39007"," 41000"," 41606"," 44635"," 46302"," 45970"," 47854"," 50869"," 53377"," 56527"," 54638"," 53244"," 57146"," 59594"," 59331"," 58869"," 58394"," 56145"," 56667"," 56971"," 58847"," 57888"," 59564"," 64144"," 62237"," 64580"," 60994"," 64181"," 64425"," 66035"," 69239"," 73978"," 80252"," 75011"," 75556"," 70075"," 74492"," 76339"," 79083"," 79919"," 76613"," 78792"," 76578"," 76916"," 74765"," 80575"," 78540"," 78168"," 79504"," 80078"," 77683"," 71150"," 76669"," 76714"," 77264"
"2023F","OK","PACAS",,,,,,,,,,,,,,,,,,,,,,,,,,,,,,,,,,,,,,,,,,,,,,,,," .1"," .1"," .1"," .1"," .2"," .1"," .1"," .3"," .1"," .2"," .2"," .3"," .2"," .5"," .5"," .5"
"2023F","OK","PACCB"," 7115"," 5619"," 5962"," 6492"," 6133"," 8249"," 8063"," 6896"," 7466"," 8006"," 8414"," 8512"," 10864"," 11913"," 10756"," 9603"," 10321"," 9720"," 10241"," 5698"," 4948"," 6268"," 5523"," 7559"," 8651"," 7597"," 4628"," 5605"," 6843"," 7829"," 7095"," 5545"," 4153"," 3035"," 2465"," 2666"," 3617"," 4677"," 5071"," 4004"," 3651"," 5932"," 4688"," 3323"," 3722"," 3657"," 3812"," 5306"," 5903"," 6354"," 6378"," 5424"," 6029"," 5865"," 6375"," 11211"," 11988"," 12022"," 9929"," 11594"," 11664"," 11142"," 12112"," 10618"
"2023F","OK","PACCP"," 1459"," 1234"," 1328"," 1448"," 1356"," 1721"," 1699"," 1507"," 1617"," 1738"," 1825"," 1825"," 2235"," 2392"," 2179"," 2018"," 2148"," 2044"," 2138"," 1109"," 988"," 1228"," 1124"," 1502"," 1647"," 1466"," 922"," 1082"," 1293"," 1469"," 1329"," 1056"," 797"," 607"," 503"," 539"," 729"," 905"," 978"," 837"," 797"," 1181"," 1005"," 785"," 769"," 770"," 796"," 1064"," 1161"," 1222"," 1280"," 1093"," 1173"," 1174"," 1285"," 2195"," 2345"," 2341"," 2028"," 2325"," 2356"," 2273"," 2450"," 2140"
"2023F","OK","PAEIB"," 360"," 293"," 387"," 696"," 532"," 307"," 298"," 265"," 378"," 300"," 705"," 404"," 948"," 749"," 1325"," 507"," 563"," 1259"," 1350"," 720"," 345"," 241"," 340"," 300"," 432"," 511"," 717"," 399"," 350"," 368"," 530"," 228"," 165"," 158"," 148"," 806"," 1326"," 179"," 105"," 141"," 451"," 1500"," 119"," 1111"," 251"," 150"," 269"," 1537"," 133"," 135"," 139"," 175"," 121"," 105"," 126"," 98"," 178"," 158"," 179"," 188"," 291"," 382"," 307"," 216"
"2023F","OK","PAEIP"," 59"," 48"," 64"," 114"," 87"," 50"," 49"," 44"," 62"," 49"," 116"," 68"," 155"," 123"," 214"," 85"," 93"," 206"," 221"," 119"," 59"," 41"," 58"," 51"," 73"," 87"," 123"," 68"," 60"," 62"," 86"," 38"," 28"," 27"," 25"," 129"," 217"," 30"," 18"," 24"," 77"," 258"," 20"," 188"," 42"," 25"," 46"," 249"," 23"," 23"," 24"," 30"," 21"," 18"," 22"," 17"," 31"," 27"," 31"," 33"," 51"," 66"," 53"," 38"
"2023F","OK","PAGBP",,,,,,,,,,,,,,,,,,,,,,,,,,,,,,,,,,,,,,,,,,,,,,,,," 71"," 71"," 69"," 69"," 69"," 74"," 74"," 74"," 74"," 74"," 74"," 74"," 80"," 74"," 66"," 54"
"2023F","OK","PAICB"," 90705"," 90157"," 92545"," 91877"," 92656"," 99165"," 98486"," 102999"," 108968"," 109290"," 115719"," 118715"," 123284"," 134154"," 131275"," 135159"," 135390"," 140505"," 147930"," 158825"," 144686"," 113956"," 108640"," 124703"," 122551"," 126948"," 98266"," 94434"," 106323"," 102996"," 104392"," 99422"," 110904"," 112891"," 110780"," 97638"," 103563"," 98313"," 96658"," 103452"," 93519"," 124599"," 122627"," 119610"," 135371"," 145028"," 159205"," 125295"," 106863"," 91568"," 99112"," 97613"," 113965"," 108970"," 108063"," 101750"," 104259"," 120278"," 114835"," 108374"," 92496"," 106364"," 108543"," 103942"
"2023F","OK","PAICP"," 15626"," 15594"," 15920"," 15886"," 15869"," 16921"," 16894"," 17600"," 18660"," 18884"," 19840"," 20192"," 21098"," 23008"," 22430"," 23018"," 23184"," 24085"," 25614"," 28695"," 26495"," 20496"," 19883"," 22360"," 22504"," 23267"," 17739"," 17076"," 18784"," 18608"," 17910"," 17676"," 19692"," 20310"," 19982"," 17027"," 18114"," 17691"," 16857"," 19962"," 16689"," 21556"," 21880"," 20968"," 24456"," 27649"," 31818"," 21028"," 17988"," 15322"," 16532"," 16381"," 19091"," 18323"," 18273"," 17117"," 17212"," 19975"," 19109"," 18026"," 15294"," 17656"," 17980"," 17263"
"2023F","OK","PARCB"," 15101"," 15560"," 17645"," 19326"," 17695"," 18117"," 18386"," 18914"," 19642"," 21334"," 22384"," 21442"," 22579"," 21749"," 20371"," 21615"," 22011"," 21686"," 21749"," 7250"," 6899"," 7825"," 8369"," 10364"," 6833"," 8383"," 5855"," 5370"," 5348"," 5852"," 4905"," 5282"," 4301"," 4935"," 4587"," 4704"," 6452"," 5930"," 6237"," 8782"," 10267"," 9496"," 11631"," 8772"," 7914"," 7238"," 7626"," 9692"," 8210"," 7710"," 8261"," 7197"," 5729"," 7517"," 7490"," 6958"," 6441"," 7006"," 7921"," 8393"," 8248"," 8075"," 8400"," 7300"
"2023F","OK","PARCP"," 3922"," 4041"," 4585"," 5016"," 4596"," 4678"," 4748"," 4909"," 5094"," 5532"," 5802"," 5560"," 5855"," 5637"," 5282"," 5610"," 5716"," 5632"," 5645"," 1882"," 1778"," 1981"," 2172"," 2653"," 1722"," 2124"," 1504"," 1382"," 1365"," 1514"," 1272"," 1370"," 1114"," 1281"," 1192"," 1217"," 1658"," 1536"," 1617"," 2281"," 2644"," 2468"," 3020"," 2277"," 2052"," 1881"," 1981"," 2504"," 2135"," 2004"," 2147"," 1866"," 1488"," 1953"," 1947"," 1811"," 1675"," 1822"," 2061"," 2184"," 2124"," 2100"," 2185"," 1898"
"2023F","OK","PATCB"," 254680"," 257686"," 273079"," 283258"," 286214"," 294406"," 303667"," 313611"," 337999"," 346039"," 365166"," 369703"," 395038"," 414787"," 408315"," 421722"," 439476"," 457902"," 482959"," 465726"," 442550"," 435481"," 443116"," 461895"," 456031"," 458247"," 412111"," 412384"," 427135"," 436023"," 430559"," 433239"," 468171"," 457287"," 467102"," 434518"," 461885"," 457820"," 465618"," 491891"," 511661"," 581673"," 549321"," 545461"," 526834"," 561399"," 587133"," 570520"," 553284"," 518160"," 536491"," 521818"," 537527"," 522141"," 553017"," 540467"," 540475"," 565079"," 561365"," 543793"," 493167"," 536061"," 540087"," 535282"
"2023F","OK","PATCP"," 47803"," 48538"," 51462"," 53561"," 53779"," 55209"," 57089"," 58912"," 63397"," 65210"," 68583"," 69251"," 73977"," 77462"," 76075"," 78585"," 82011"," 85342"," 90145"," 86443"," 82565"," 80891"," 82831"," 85899"," 84815"," 85338"," 76433"," 76276"," 78473"," 80501"," 78485"," 79703"," 85774"," 84462"," 86281"," 79906"," 84898"," 84586"," 85505"," 92343"," 94185"," 105714"," 100935"," 99774"," 97394"," 104817"," 110981"," 103928"," 101227"," 95184"," 98775"," 95949"," 98688"," 96233"," 102102"," 99680"," 99429"," 103670"," 103307"," 100250"," 90974"," 98765"," 99381"," 98603"
"2023F","OK","PATPB"," 109"," 108.3"," 112.5"," 116.1"," 117"," 120.7"," 123.7"," 126"," 135"," 136.5"," 142.3"," 141.2"," 148.6"," 153.9"," 149.3"," 152"," 155.5"," 159.5"," 165.5"," 156.5"," 145.5"," 140.7"," 138.2"," 140.4"," 138.8"," 140.1"," 126.7"," 128.5"," 134.9"," 138.4"," 136.7"," 136.4"," 145.4"," 140.6"," 142.4"," 131.3"," 138.3"," 135.7"," 136.7"," 143.1"," 148.1"," 167.8"," 157.4"," 155.6"," 149.4"," 158.2"," 163.4"," 157"," 150.8"," 139.4"," 142.7"," 137.7"," 140.7"," 135.5"," 142.6"," 138.2"," 137.6"," 143.7"," 142.4"," 137.3"," 124.4"," 134.3"," 134.1"," 131.7"
"2023F","OK","PATPP"," 20.5"," 20.4"," 21.2"," 22"," 22"," 22.6"," 23.3"," 23.7"," 25.3"," 25.7"," 26.7"," 26.4"," 27.8"," 28.7"," 27.8"," 28.3"," 29"," 29.7"," 30.9"," 29.1"," 27.2"," 26.1"," 25.8"," 26.1"," 25.8"," 26.1"," 23.5"," 23.8"," 24.8"," 25.6"," 24.9"," 25.1"," 26.6"," 26"," 26.3"," 24.2"," 25.4"," 25.1"," 25.1"," 26.9"," 27.3"," 30.5"," 28.9"," 28.5"," 27.6"," 29.5"," 30.9"," 28.6"," 27.6"," 25.6"," 26.3"," 25.3"," 25.8"," 25"," 26.3"," 25.5"," 25.3"," 26.4"," 26.2"," 25.3"," 22.9"," 24.7"," 24.7"," 24.3"
"2023F","OK","PATXB"," 254320"," 257394"," 272692"," 282562"," 285682"," 294099"," 303370"," 313345"," 337621"," 345740"," 364461"," 369299"," 394090"," 414038"," 406990"," 421214"," 438912"," 456643"," 481608"," 465007"," 442204"," 435240"," 442776"," 461595"," 455599"," 457736"," 411394"," 411985"," 426785"," 435655"," 430029"," 433011"," 468006"," 457129"," 466955"," 433712"," 460560"," 457641"," 465513"," 491750"," 511211"," 580173"," 549202"," 544350"," 526583"," 561250"," 586864"," 568983"," 553151"," 518025"," 536353"," 521643"," 537406"," 522036"," 552891"," 540370"," 540297"," 564921"," 561186"," 543606"," 492876"," 535679"," 539780"," 535065"
"2023F","OK","PATXP"," 47744"," 48490"," 51399"," 53447"," 53692"," 55159"," 57040"," 58869"," 63335"," 65160"," 68467"," 69183"," 73822"," 77340"," 75861"," 78500"," 81917"," 85137"," 89924"," 86324"," 82506"," 80850"," 82773"," 85847"," 84742"," 85251"," 76310"," 76208"," 78413"," 80438"," 78398"," 79665"," 85746"," 84435"," 86256"," 79777"," 84681"," 84556"," 85487"," 92319"," 94108"," 105457"," 100915"," 99585"," 97352"," 104792"," 110934"," 103679"," 101204"," 95161"," 98751"," 95919"," 98667"," 96215"," 102080"," 99663"," 99399"," 103643"," 103276"," 100218"," 90923"," 98699"," 99328"," 98566"
"2023F","OK","PCCCB"," 0"," 0"," 0"," 0"," 0"," 0"," 0"," 0"," 0"," 0"," 0"," 0"," 0"," 0"," 0"," 0"," 0"," 0"," 0"," 0"," 0"," 0"," 0"," 0"," 0"," 0"," 0"," 0"," 0"," 0"," 0"," 0"," 0"," 0"," 0"," 0"," 0"," 0"," 0"," 0"," 0"," 0"," 0"," 0"," 0"," 0"," 0"," 0"," 0"," 0"," 0"," 0"," 0"," 0"," 0"," 0"," 0"," 0"," 0"," 0"," 0"," 0"," 0"," 0"
"2023F","OK","PCCCP"," 0"," 0"," 0"," 0"," 0"," 0"," 0"," 0"," 0"," 0"," 0"," 0"," 0"," 0"," 0"," 0"," 0"," 0"," 0"," 0"," 0"," 0"," 0"," 0"," 0"," 0"," 0"," 0"," 0"," 0"," 0"," 0"," 0"," 0"," 0"," 0"," 0"," 0"," 0"," 0"," 0"," 0"," 0"," 0"," 0"," 0"," 0"," 0"," 0"," 0"," 0"," 0"," 0"," 0"," 0"," 0"," 0"," 0"," 0"," 0"," 0"," 0"," 0"," 0"
"2023F","OK","PCEIB"," 0"," 0"," 0"," 0"," 0"," 0"," 0"," 0"," 0"," 0"," 0"," 0"," 0"," 0"," 0"," 0"," 0"," 0"," 0"," 0"," 0"," 0"," 0"," 0"," 0"," 0"," 0"," 0"," 0"," 0"," 0"," 0"," 0"," 0"," 0"," 0"," 0"," 0"," 0"," 0"," 0"," 0"," 0"," 0"," 0"," 0"," 0"," 0"," 0"," 0"," 0"," 0"," 0"," 0"," 0"," 0"," 0"," 0"," 0"," 0"," 0"," 0"," 0"," 0"
"2023F","OK","PCEIP"," 0"," 0"," 0"," 0"," 0"," 0"," 0"," 0"," 0"," 0"," 0"," 0"," 0"," 0"," 0"," 0"," 0"," 0"," 0"," 0"," 0"," 0"," 0"," 0"," 0"," 0"," 0"," 0"," 0"," 0"," 0"," 0"," 0"," 0"," 0"," 0"," 0"," 0"," 0"," 0"," 0"," 0"," 0"," 0"," 0"," 0"," 0"," 0"," 0"," 0"," 0"," 0"," 0"," 0"," 0"," 0"," 0"," 0"," 0"," 0"," 0"," 0"," 0"," 0"
"2023F","OK","PCICB"," 14678"," 14678"," 14285"," 13376"," 15498"," 15284"," 14589"," 15694"," 16747"," 15903"," 13885"," 14578"," 9789"," 13012"," 11566"," 15632"," 14668"," 14819"," 14277"," 15632"," 15482"," 11896"," 10919"," 12743"," 10102"," 9425"," 10405"," 10490"," 10872"," 11579"," 12265"," 12093"," 12922"," 13480"," 10057"," 9989"," 10135"," 9930"," 10611"," 11221"," 11526"," 11089"," 11441"," 11758"," 11605"," 12535"," 11764"," 11131"," 10607"," 10946"," 11667"," 11706"," 12282"," 11241"," 9921"," 10694"," 10644"," 10927"," 11229"," 11474"," 10581"," 10348"," 11625"," 10675"
"2023F","OK","PCICP"," 2437"," 2437"," 2371"," 2220"," 2573"," 2537"," 2422"," 2605"," 2780"," 2640"," 2305"," 2420"," 1625"," 2160"," 1920"," 2595"," 2435"," 2460"," 2370"," 2595"," 2570"," 1975"," 1813"," 2115"," 1677"," 1564"," 1727"," 1741"," 1805"," 1922"," 2036"," 2007"," 2145"," 2238"," 1670"," 1658"," 1682"," 1648"," 1761"," 1863"," 1913"," 1841"," 1899"," 1952"," 1846"," 1994"," 1871"," 1771"," 1687"," 1741"," 1859"," 1862"," 1954"," 1788"," 1578"," 1701"," 1693"," 1738"," 1786"," 1825"," 1683"," 1646"," 1849"," 1698"
"2023F","OK","PCTCB"," 14678"," 14678"," 14285"," 13376"," 15498"," 15284"," 14589"," 15694"," 16747"," 15903"," 13885"," 14578"," 9789"," 13012"," 11566"," 15632"," 14668"," 14819"," 14277"," 15632"," 15482"," 11896"," 10919"," 12743"," 10102"," 9425"," 10405"," 10490"," 10872"," 11579"," 12265"," 12093"," 12922"," 13480"," 10057"," 9989"," 10135"," 9930"," 10611"," 11221"," 11526"," 11089"," 11441"," 11758"," 11605"," 12535"," 11764"," 11131"," 10607"," 10946"," 11667"," 11706"," 12282"," 11241"," 9921"," 10694"," 10644"," 10927"," 11229"," 11474"," 10581"," 10348"," 11625"," 10675"
"2023F","OK","PCTCP"," 2437"," 2437"," 2371"," 2220"," 2573"," 2537"," 2422"," 2605"," 2780"," 2640"," 2305"," 2420"," 1625"," 2160"," 1920"," 2595"," 2435"," 2460"," 2370"," 2595"," 2570"," 1975"," 1813"," 2115"," 1677"," 1564"," 1727"," 1741"," 1805"," 1922"," 2036"," 2007"," 2145"," 2238"," 1670"," 1658"," 1682"," 1648"," 1761"," 1863"," 1913"," 1841"," 1899"," 1952"," 1846"," 1994"," 1871"," 1771"," 1687"," 1741"," 1859"," 1862"," 1954"," 1788"," 1578"," 1701"," 1693"," 1738"," 1786"," 1825"," 1683"," 1646"," 1849"," 1698"
"2023F","OK","PCTXB"," 14678"," 14678"," 14285"," 13376"," 15498"," 15284"," 14589"," 15694"," 16747"," 15903"," 13885"," 14578"," 9789"," 13012"," 11566"," 15632"," 14668"," 14819"," 14277"," 15632"," 15482"," 11896"," 10919"," 12743"," 10102"," 9425"," 10405"," 10490"," 10872"," 11579"," 12265"," 12093"," 12922"," 13480"," 10057"," 9989"," 10135"," 9930"," 10611"," 11221"," 11526"," 11089"," 11441"," 11758"," 11605"," 12535"," 11764"," 11131"," 10607"," 10946"," 11667"," 11706"," 12282"," 11241"," 9921"," 10694"," 10644"," 10927"," 11229"," 11474"," 10581"," 10348"," 11625"," 10675"
"2023F","OK","PCTXP"," 2437"," 2437"," 2371"," 2220"," 2573"," 2537"," 2422"," 2605"," 2780"," 2640"," 2305"," 2420"," 1625"," 2160"," 1920"," 2595"," 2435"," 2460"," 2370"," 2595"," 2570"," 1975"," 1813"," 2115"," 1677"," 1564"," 1727"," 1741"," 1805"," 1922"," 2036"," 2007"," 2145"," 2238"," 1670"," 1658"," 1682"," 1648"," 1761"," 1863"," 1913"," 1841"," 1899"," 1952"," 1846"," 1994"," 1871"," 1771"," 1687"," 1741"," 1859"," 1862"," 1954"," 1788"," 1578"," 1701"," 1693"," 1738"," 1786"," 1825"," 1683"," 1646"," 1849"," 1698"
"2023F","OK","PHVHN",,,,,,,,,,,,,,,,,,,,,,,,,,,,,,,,,,,,,,,,,,,,,,,,,,,,,,,,," .7"," 1"," 1.4"," 1.7"," 1.9"," 6.7"," 10.6"," 29.1"
"2023F","OK","PHVHP",,,,,,,,,,,,,,,,,,,,,,,,,,,,,,,,,,,,,,,,,,,,,,,,,,,,,,,,,,," 2"," 3"," 3"," 11"," 19"," 35"
"2023F","OK","PLICB"," 0"," 0"," 0"," 0"," 0"," 0"," 0"," 0"," 0"," 0"," 0"," 0"," 0"," 0"," 0"," 0"," 0"," 0"," 0"," 0"," 0"," 0"," 0"," 0"," 0"," 0"," 0"," 0"," 0"," 0"," 0"," 0"," 0"," 0"," 0"," 0"," 0"," 0"," 0"," 0"," 0"," 0"," 0"," 0"," 0"," 0"," 0"," 0"," 0"," 0"," 0"," 0"," 0"," 0"," 0"," 0"," 0"," 0"," 0"," 0"," 0"," 0"," 0"," 0"
"2023F","OK","PLICP"," 0"," 0"," 0"," 0"," 0"," 0"," 0"," 0"," 0"," 0"," 0"," 0"," 0"," 0"," 0"," 0"," 0"," 0"," 0"," 0"," 0"," 0"," 0"," 0"," 0"," 0"," 0"," 0"," 0"," 0"," 0"," 0"," 0"," 0"," 0"," 0"," 0"," 0"," 0"," 0"," 0"," 0"," 0"," 0"," 0"," 0"," 0"," 0"," 0"," 0"," 0"," 0"," 0"," 0"," 0"," 0"," 0"," 0"," 0"," 0"," 0"," 0"," 0"," 0"
"2023F","OK","PMACB"," 141398"," 146058"," 156541"," 164868"," 169197"," 168569"," 178435"," 184536"," 201546"," 207110"," 217945"," 220630"," 237363"," 246222"," 244588"," 254837"," 271190"," 284731"," 301688"," 293234"," 285672"," 307191"," 320244"," 318969"," 317564"," 314808"," 302645"," 306576"," 308271"," 318978"," 313637"," 322763"," 348648"," 336268"," 349123"," 328705"," 346928"," 348721"," 357548"," 375512"," 403775"," 440147"," 410255"," 412644"," 379575"," 401863"," 412769"," 421874"," 419375"," 399157"," 409181"," 396583"," 396412"," 383338"," 412854"," 401426"," 396649"," 404974"," 408764"," 396364"," 362734"," 392053"," 392963"," 393978"
"2023F","OK","PMCCB"," 7115"," 5619"," 5962"," 6492"," 6133"," 8249"," 8063"," 6896"," 7466"," 8006"," 8414"," 8512"," 10864"," 11913"," 10756"," 9603"," 10321"," 9720"," 10241"," 5698"," 4948"," 6268"," 5523"," 7559"," 8651"," 7597"," 4628"," 5605"," 6843"," 7829"," 7095"," 5545"," 4153"," 3035"," 2465"," 2666"," 3617"," 4677"," 5071"," 4004"," 3651"," 5932"," 4688"," 3323"," 3722"," 3646"," 3802"," 5272"," 5846"," 6306"," 6334"," 5381"," 5983"," 5816"," 6326"," 10893"," 11677"," 11735"," 9639"," 11298"," 11366"," 10840"," 11737"," 10303"
"2023F","OK","PMEIB"," 360"," 293"," 387"," 696"," 532"," 307"," 298"," 265"," 378"," 300"," 705"," 404"," 948"," 749"," 1325"," 507"," 563"," 1259"," 1350"," 720"," 345"," 241"," 340"," 300"," 432"," 511"," 717"," 399"," 350"," 368"," 530"," 228"," 165"," 158"," 148"," 806"," 1326"," 179"," 105"," 141"," 451"," 1500"," 119"," 1111"," 251"," 150"," 269"," 1537"," 133"," 135"," 139"," 175"," 121"," 105"," 126"," 98"," 178"," 158"," 179"," 188"," 291"," 382"," 307"," 216"
"2023F","OK","PMICB"," 90705"," 90157"," 92545"," 91877"," 92656"," 99165"," 98486"," 102999"," 108968"," 109290"," 115719"," 118715"," 123284"," 134154"," 131275"," 135159"," 135390"," 140505"," 147930"," 158825"," 144686"," 113956"," 108640"," 124703"," 122551"," 126948"," 98266"," 94434"," 106323"," 102996"," 104392"," 99422"," 110904"," 112891"," 110780"," 97638"," 103563"," 98313"," 96658"," 103452"," 93519"," 124599"," 122627"," 119610"," 135371"," 144901"," 159066"," 125098"," 106538"," 91265"," 98883"," 97369"," 113728"," 108717"," 107848"," 101455"," 103944"," 119957"," 114511"," 108067"," 92190"," 106059"," 108222"," 103643"
"2023F","OK","PMRCB"," 15101"," 15560"," 17645"," 19326"," 17695"," 18117"," 18386"," 18914"," 19642"," 21334"," 22384"," 21442"," 22579"," 21749"," 20371"," 21615"," 22011"," 21686"," 21749"," 7250"," 6899"," 7825"," 8369"," 10364"," 6833"," 8383"," 5855"," 5370"," 5348"," 5852"," 4905"," 5282"," 4301"," 4935"," 4587"," 4704"," 6452"," 5930"," 6237"," 8782"," 10267"," 9496"," 11631"," 8772"," 7914"," 7238"," 7626"," 9692"," 8210"," 7710"," 8261"," 7197"," 5729"," 7517"," 7490"," 6958"," 6441"," 7006"," 7921"," 8393"," 8248"," 8075"," 8400"," 7300"
"2023F","OK","PMTCB"," 254680"," 257686"," 273079"," 283258"," 286214"," 294406"," 303667"," 313611"," 337999"," 346039"," 365166"," 369703"," 395038"," 414787"," 408315"," 421722"," 439476"," 457902"," 482959"," 465726"," 442550"," 435481"," 443116"," 461895"," 456031"," 458247"," 412111"," 412384"," 427135"," 436023"," 430559"," 433239"," 468171"," 457287"," 467102"," 434518"," 461885"," 457820"," 465618"," 491891"," 511661"," 581673"," 549321"," 545461"," 526834"," 557797"," 583533"," 563473"," 540101"," 504573"," 522797"," 506705"," 521974"," 505493"," 534645"," 520830"," 518889"," 543829"," 541014"," 524310"," 474829"," 517408"," 521629"," 515440"
"2023F","OK","PPICB"," 0"," 0"," 0"," 0"," 0"," 0"," 0"," 0"," 0"," 0"," 0"," 0"," 0"," 0"," 0"," 0"," 0"," 0"," 0"," 0"," 0"," 0"," 0"," 0"," 0"," 0"," 0"," 0"," 0"," 0"," 0"," 0"," 0"," 0"," 0"," 0"," 0"," 0"," 0"," 0"," 0"," 0"," 0"," 0"," 0"," 0"," 0"," 0"," 0"," 0"," 0"," 0"," 0"," 0"," 0"," 0"," 0"," 0"," 0"," 0"," 0"," 0"," 0"," 0"
"2023F","OK","PPICP"," 0"," 0"," 0"," 0"," 0"," 0"," 0"," 0"," 0"," 0"," 0"," 0"," 0"," 0"," 0"," 0"," 0"," 0"," 0"," 0"," 0"," 0"," 0"," 0"," 0"," 0"," 0"," 0"," 0"," 0"," 0"," 0"," 0"," 0"," 0"," 0"," 0"," 0"," 0"," 0"," 0"," 0"," 0"," 0"," 0"," 0"," 0"," 0"," 0"," 0"," 0"," 0"," 0"," 0"," 0"," 0"," 0"," 0"," 0"," 0"," 0"," 0"," 0"," 0"
"2023F","OK","PPTCB"," 0"," 0"," 0"," 0"," 0"," 0"," 0"," 0"," 0"," 0"," 0"," 0"," 0"," 0"," 0"," 0"," 0"," 0"," 0"," 0"," 0"," 0"," 0"," 0"," 0"," 0"," 0"," 0"," 0"," 0"," 0"," 0"," 0"," 0"," 0"," 0"," 0"," 0"," 0"," 0"," 0"," 0"," 0"," 0"," 0"," 0"," 0"," 0"," 0"," 0"," 0"," 0"," 0"," 0"," 0"," 0"," 0"," 0"," 0"," 0"," 0"," 0"," 0"," 0"
"2023F","OK","PPTCP"," 0"," 0"," 0"," 0"," 0"," 0"," 0"," 0"," 0"," 0"," 0"," 0"," 0"," 0"," 0"," 0"," 0"," 0"," 0"," 0"," 0"," 0"," 0"," 0"," 0"," 0"," 0"," 0"," 0"," 0"," 0"," 0"," 0"," 0"," 0"," 0"," 0"," 0"," 0"," 0"," 0"," 0"," 0"," 0"," 0"," 0"," 0"," 0"," 0"," 0"," 0"," 0"," 0"," 0"," 0"," 0"," 0"," 0"," 0"," 0"," 0"," 0"," 0"," 0"
"2023F","OK","PQACB",,,,,,,,,,,,,,,,,,,,,,,,,,,,,,,,,,,,,,,,,,,,,,,,,,," 76"," 84"," 100"," 140"," 164"," 215"," 271"," 1008"," 635"," 441"," 479"," 310"," 369"," 324"
"2023F","OK","PQACP",,,,,,,,,,,,,,,,,,,,,,,,,,,,,,,,,,,,,,,,,,,,,,,,,,," 20"," 22"," 26"," 36"," 43"," 56"," 71"," 262"," 165"," 115"," 125"," 81"," 96"," 84"
"2023F","OK","PQCCB",,,,,,,,,,,,,,,,,,,,,,,,,,,,,,,,,,,,,,,,,,,,,,,,,,," 1786"," 1552"," 1239"," 1564"," 1845"," 1550"," 1725"," 1728"," 2277"," 2371"," 2579"," 2643"," 2445"," 2114"
"2023F","OK","PQCCP",,,,,,,,,,,,,,,,,,,,,,,,,,,,,,,,,,,,,,,,,,,,,,,,,,," 465"," 404"," 323"," 407"," 480"," 404"," 449"," 450"," 593"," 617"," 671"," 688"," 636"," 550"
"2023F","OK","PQICB",,,,,,,,,,,,,,,,,,,,,,,,,,,,,,,,,,,,,,,,,,,,,,,,,,," 1461"," 1989"," 1742"," 1423"," 1900"," 1866"," 1408"," 1269"," 1803"," 2340"," 1836"," 1884"," 1699"," 2002"
"2023F","OK","PQICP",,,,,,,,,,,,,,,,,,,,,,,,,,,,,,,,,,,,,,,,,,,,,,,,,,," 380"," 518"," 453"," 370"," 495"," 486"," 367"," 330"," 469"," 609"," 478"," 490"," 442"," 521"
"2023F","OK","PQRCB",,,,,,,,,,,,,,,,,,,,,,,,,,,,,,,,,,,,,,,,,,,,,,,,,,," 8219"," 7105"," 5682"," 7474"," 7460"," 6949"," 6414"," 6989"," 7907"," 8375"," 7974"," 8048"," 8372"," 7271"
"2023F","OK","PQRCP",,,,,,,,,,,,,,,,,,,,,,,,,,,,,,,,,,,,,,,,,,,,,,,,,,," 2140"," 1850"," 1479"," 1946"," 1942"," 1809"," 1670"," 1819"," 2059"," 2180"," 2076"," 2095"," 2180"," 1893"
"2023F","OK","PQTCB",,,,,,,,,,,,,,,,,,,,,,,,,,,,,,,,,,,,,,,,,,,,,,,,,,," 11541"," 10730"," 8763"," 10600"," 11369"," 10581"," 9819"," 10994"," 12622"," 13526"," 12869"," 12884"," 12885"," 11711"
"2023F","OK","PQTCP",,,,,,,,,,,,,,,,,,,,,,,,,,,,,,,,,,,,,,,,,,,,,,,,,,," 3005"," 2794"," 2281"," 2760"," 2960"," 2755"," 2556"," 2862"," 3286"," 3521"," 3350"," 3354"," 3355"," 3049"
"2023F","OK","PQTXB",,,,,,,,,,,,,,,,,,,,,,,,,,,,,,,,,,,,,,,,,,,,,,,,,,," 11541"," 10730"," 8763"," 10600"," 11369"," 10581"," 9819"," 10994"," 12622"," 13526"," 12869"," 12884"," 12885"," 11711"
"2023F","OK","PQTXP",,,,,,,,,,,,,,,,,,,,,,,,,,,,,,,,,,,,,,,,,,,,,,,,,,," 3005"," 2794"," 2281"," 2760"," 2960"," 2755"," 2556"," 2862"," 3286"," 3521"," 3350"," 3354"," 3355"," 3049"
"2023F","OK","PYICB",,,,,,,,,,,,,,,,,,,,,,,,,,,,,,,,,,,,,,,,,,,,,,,,,,," 0"," 0"," 0"," 0"," 0"," 0"," 0"," 0"," 0"," 0"," 0"," 0"," 0"," 0"
"2023F","OK","PYICP",,,,,,,,,,,,,,,,,,,,,,,,,,,,,,,,,,,,,,,,,,,,,,,,,,," 0"," 0"," 0"," 0"," 0"," 0"," 0"," 0"," 0"," 0"," 0"," 0"," 0"," 0"
"2023F","OK","PYTCB",,,,,,,,,,,,,,,,,,,,,,,,,,,,,,,,,,,,,,,,,,,,,,,,,,," 0"," 0"," 0"," 0"," 0"," 0"," 0"," 0"," 0"," 0"," 0"," 0"," 0"," 0"
"2023F","OK","PYTCP",,,,,,,,,,,,,,,,,,,,,,,,,,,,,,,,,,,,,,,,,,,,,,,,,,," 0"," 0"," 0"," 0"," 0"," 0"," 0"," 0"," 0"," 0"," 0"," 0"," 0"," 0"
"2023F","OK","REACB"," 0"," 0"," 0"," 0"," 0"," 0"," 0"," 0"," 0"," 0"," 0"," 0"," 0"," 0"," 0"," 0"," 0"," 0"," 0"," 0"," 0"," 355"," 1259"," 600"," 178"," 160"," 197"," 0"," 0"," 0"," 0"," 0"," 0"," 0"," 0"," 0"," 0"," 0"," 0"," 0"," 0"," 33"," 52"," 43"," 85"," 3753"," 4281"," 7939"," 13764"," 12692"," 13127"," 14860"," 15271"," 16346"," 18110"," 19024"," 20960"," 20641"," 19737"," 18880"," 17735"," 18045"," 17762"," 19227"
"2023F","OK","RECCB"," 174"," 162"," 151"," 145"," 137"," 125"," 127"," 118"," 124"," 118"," 116"," 108"," 111"," 108"," 110"," 129"," 142"," 161"," 212"," 259"," 71"," 74"," 139"," 81"," 124"," 134"," 151"," 208"," 230"," 535"," 486"," 507"," 535"," 899"," 861"," 869"," 902"," 526"," 460"," 483"," 517"," 504"," 516"," 537"," 525"," 520"," 483"," 536"," 587"," 825"," 812"," 783"," 694"," 801"," 801"," 852"," 783"," 707"," 852"," 859"," 1435"," 1447"," 2619"," 2598"
"2023F","OK","REEIB"," 2404"," 3418"," 2495"," 649"," 1044"," 2814"," 1748"," 2477"," 5207"," 6434"," 4796"," 4718"," 4938"," 12833"," 12250"," 10049"," 5258"," 5969"," 6015"," 7926"," 4485"," 3827"," 7130"," 8530"," 7979"," 13580"," 10069"," 10059"," 6977"," 8161"," 9317"," 6558"," 11061"," 14868"," 8580"," 9485"," 7362"," 9967"," 11972"," 10834"," 7769"," 8000"," 6783"," 6322"," 12111"," 11867"," 7971"," 16770"," 21095"," 21328"," 22577"," 24267"," 31742"," 45704"," 45796"," 57122"," 77459"," 87805"," 100694"," 112752"," 110545"," 120987"," 134877"," 131785"
"2023F","OK","REGBP",,,,,,,,,,,,,,,,,,,,,,,,,,,,,,,,,,,,,,,,,,,,,,,,," 1637"," 2057"," 2412"," 2742"," 4065"," 4076"," 4719"," 5942"," 7582"," 7856"," 9041"," 9139"," 10287"," 11371"," 12561"," 13210"
"2023F","OK","REICB"," 808"," 808"," 843"," 827"," 792"," 860"," 894"," 774"," 946"," 877"," 705"," 998"," 5745"," 5900"," 5401"," 5057"," 5659"," 5848"," 7809"," 8824"," 8283"," 8745"," 8467"," 9557"," 9749"," 9709"," 9124"," 8953"," 9245"," 18169"," 16492"," 15901"," 14256"," 15370"," 16896"," 17330"," 21792"," 21592"," 21474"," 19416"," 20487"," 20735"," 17218"," 19552"," 22810"," 22964"," 23974"," 22273"," 9129"," 12395"," 23827"," 23912"," 25864"," 26879"," 24906"," 23687"," 26546"," 30713"," 31268"," 29521"," 31405"," 30607"," 26786"," 25050"
"2023F","OK","RERCB"," 9202"," 8548"," 7946"," 7671"," 7241"," 6622"," 6708"," 6140"," 6467"," 6244"," 6158"," 5728"," 5848"," 5676"," 5831"," 6811"," 7516"," 8480"," 11128"," 13674"," 2846"," 2982"," 5725"," 3311"," 5420"," 5583"," 5085"," 6119"," 6530"," 6690"," 4533"," 4748"," 4977"," 6768"," 6428"," 6426"," 6667"," 3230"," 2879"," 2946"," 3158"," 2923"," 2958"," 3104"," 3172"," 3204"," 2846"," 3147"," 3522"," 5548"," 5950"," 5773"," 4836"," 6298"," 6374"," 4028"," 3106"," 2669"," 4287"," 4461"," 5743"," 6001"," 7610"," 6719"
"2023F","OK","RETCB"," 12589"," 12937"," 11435"," 9292"," 9214"," 10422"," 9477"," 9509"," 12744"," 13673"," 11775"," 11551"," 16641"," 24516"," 23592"," 22046"," 18576"," 20457"," 25164"," 30683"," 15685"," 15983"," 22720"," 22080"," 23450"," 29166"," 24626"," 25339"," 22982"," 33554"," 30827"," 27715"," 30828"," 37904"," 32764"," 34109"," 36724"," 35316"," 36785"," 33680"," 31931"," 32195"," 27527"," 29558"," 38703"," 42309"," 39554"," 50665"," 48097"," 52787"," 66293"," 69595"," 78407"," 96029"," 95986"," 104713"," 128854"," 142535"," 156838"," 166473"," 166862"," 177087"," 189654"," 185378"
"2023F","OK","RFACB"," 51"," 320"," 1120"," 1354"," 1392"," 1534"," 1483"," 625"," 552"," 592"," 473"," 212"," 1848"," 231"," 93"," 263"," 0"," 0"," 0"," 0"," 0"," 0"," 0"," 0"," 0"," 0"," 0"," 0"," 0"," 0"," 0"," 0"," 0"," 0"," 0"," 0"," 0"," 0"," 14"," 0"," 0"," 0"," 0"," 0"," 0"," 0"," 0"," 0"," 0"," 0"," 0"," 0"," 0"," 0"," 0"," 0"," 0"," 0"," 0"," 0"," 0"," 0"," 0"," 0"
"2023F","OK","RFACP"," 8"," 51"," 178"," 215"," 221"," 244"," 236"," 99"," 88"," 94"," 75"," 34"," 294"," 37"," 15"," 42"," 0"," 0"," 0"," 0"," 0"," 0"," 0"," 0"," 0"," 0"," 0"," 0"," 0"," 0"," 0"," 0"," 0"," 0"," 0"," 0"," 0"," 0"," 2"," 0"," 0"," 0"," 0"," 0"," 0"," 0"," 0"," 0"," 0"," 0"," 0"," 0"," 0"," 0"," 0"," 0"," 0"," 0"," 0"," 0"," 0"," 0"," 0"," 0"
"2023F","OK","RFCCB"," 2485"," 622"," 677"," 591"," 919"," 1467"," 1069"," 1000"," 1036"," 1086"," 1195"," 1299"," 2329"," 3132"," 2423"," 1232"," 1268"," 995"," 757"," 1430"," 188"," 0"," 0"," 0"," 0"," 0"," 0"," 102"," 36"," 283"," 506"," 477"," 269"," 0"," 0"," 2"," 0"," 0"," 0"," 0"," 0"," 0"," 64"," 0"," 6"," 0"," 0"," 0"," 0"," 0"," 0"," 0"," 0"," 0"," 0"," 0"," 0"," 0"," 0"," 0"," 31"," 0"," 0"," 0"
"2023F","OK","RFCCP"," 395"," 99"," 108"," 94"," 146"," 233"," 170"," 159"," 165"," 173"," 190"," 207"," 370"," 498"," 385"," 196"," 202"," 158"," 120"," 227"," 30"," 0"," 0"," 0"," 0"," 0"," 0"," 16"," 6"," 45"," 80"," 76"," 43"," 0"," 0"," 0"," 0"," 0"," 0"," 0"," 0"," 0"," 10"," 0"," 1"," 0"," 0"," 0"," 0"," 0"," 0"," 0"," 0"," 0"," 0"," 0"," 0"," 0"," 0"," 0"," 5"," 0"," 0"," 0"
"2023F","OK","RFEIB"," 207"," 168"," 222"," 399"," 305"," 176"," 171"," 152"," 217"," 172"," 405"," 142"," 639"," 462"," 1095"," 184"," 265"," 841"," 859"," 369"," 0"," 23"," 11"," 11"," 92"," 54"," 44"," 7"," 25"," 63"," 366"," 76"," 62"," 38"," 39"," 707"," 837"," 60"," 0"," 0"," 0"," 7"," 14"," 221"," 69"," 19"," 1"," 1197"," 0"," 0"," 0"," 0"," 0"," 0"," 0"," 0"," 0"," 0"," 0"," 0"," 0"," 0"," 0"," 0"
"2023F","OK","RFEIP"," 33"," 27"," 35"," 64"," 49"," 28"," 27"," 24"," 34"," 27"," 64"," 23"," 102"," 73"," 174"," 29"," 42"," 134"," 137"," 59"," 0"," 4"," 2"," 2"," 15"," 9"," 7"," 1"," 4"," 10"," 58"," 12"," 10"," 6"," 6"," 112"," 133"," 10"," 0"," 0"," 0"," 1"," 2"," 35"," 11"," 3"," 0"," 190"," 0"," 0"," 0"," 0"," 0"," 0"," 0"," 0"," 0"," 0"," 0"," 0"," 0"," 0"," 0"," 0"
"2023F","OK","RFICB"," 6396"," 4167"," 4104"," 2718"," 2611"," 2175"," 1564"," 3386"," 3759"," 2677"," 3001"," 2223"," 4100"," 5601"," 4034"," 2350"," 2692"," 3076"," 4848"," 3781"," 4411"," 4638"," 4241"," 3236"," 2159"," 1324"," 2426"," 1977"," 4090"," 2113"," 3045"," 962"," 3571"," 4390"," 3409"," 2069"," 1626"," 1629"," 629"," 698"," 1489"," 2147"," 2823"," 3004"," 3844"," 1392"," 1546"," 817"," 2641"," 1919"," 3405"," 3683"," 3838"," 3231"," 3035"," 1963"," 2582"," 3181"," 2308"," 2380"," 1461"," 2677"," 2743"," 2277"
"2023F","OK","RFICP"," 1017"," 663"," 653"," 432"," 415"," 346"," 249"," 539"," 598"," 426"," 477"," 354"," 652"," 891"," 642"," 374"," 428"," 489"," 771"," 601"," 702"," 738"," 675"," 515"," 343"," 211"," 386"," 314"," 651"," 336"," 484"," 153"," 568"," 698"," 542"," 329"," 259"," 259"," 100"," 111"," 237"," 342"," 449"," 478"," 611"," 221"," 246"," 130"," 420"," 305"," 542"," 586"," 611"," 514"," 483"," 312"," 411"," 506"," 367"," 378"," 232"," 426"," 436"," 362"
"2023F","OK","RFTCB"," 9139"," 5277"," 6123"," 5063"," 5227"," 5352"," 4286"," 5163"," 5564"," 4527"," 5073"," 3877"," 8917"," 9425"," 7645"," 4029"," 4225"," 4912"," 6464"," 5580"," 4600"," 4661"," 4252"," 3247"," 2251"," 1378"," 2470"," 2086"," 4151"," 2459"," 3917"," 1514"," 3902"," 4428"," 3448"," 2777"," 2463"," 1689"," 643"," 699"," 1489"," 2154"," 2901"," 3224"," 3919"," 1411"," 1547"," 2014"," 2641"," 1919"," 3405"," 3683"," 3838"," 3231"," 3035"," 1963"," 2582"," 3181"," 2308"," 2380"," 1492"," 2677"," 2743"," 2277"
"2023F","OK","RFTCP"," 1454"," 839"," 974"," 805"," 831"," 851"," 682"," 821"," 885"," 720"," 807"," 617"," 1418"," 1499"," 1216"," 641"," 672"," 781"," 1028"," 888"," 732"," 741"," 676"," 516"," 358"," 219"," 393"," 332"," 660"," 391"," 623"," 241"," 621"," 704"," 548"," 442"," 392"," 269"," 102"," 111"," 237"," 343"," 461"," 513"," 623"," 224"," 246"," 320"," 420"," 305"," 542"," 586"," 611"," 514"," 483"," 312"," 411"," 506"," 367"," 378"," 237"," 426"," 436"," 362"
"2023F","OK","RFTXB"," 8932"," 5109"," 5900"," 4664"," 4921"," 5176"," 4115"," 5011"," 5347"," 4355"," 4669"," 3735"," 8277"," 8963"," 6550"," 3845"," 3961"," 4071"," 5605"," 5211"," 4599"," 4638"," 4241"," 3236"," 2159"," 1324"," 2426"," 2079"," 4126"," 2396"," 3551"," 1438"," 3840"," 4390"," 3409"," 2071"," 1626"," 1629"," 643"," 698"," 1489"," 2147"," 2887"," 3004"," 3850"," 1392"," 1546"," 817"," 2641"," 1919"," 3405"," 3683"," 3838"," 3231"," 3035"," 1963"," 2582"," 3181"," 2308"," 2380"," 1492"," 2677"," 2743"," 2277"
"2023F","OK","RFTXP"," 1421"," 813"," 939"," 742"," 783"," 823"," 655"," 797"," 851"," 693"," 743"," 594"," 1317"," 1426"," 1042"," 612"," 630"," 648"," 892"," 829"," 732"," 738"," 675"," 515"," 343"," 211"," 386"," 331"," 656"," 381"," 565"," 229"," 611"," 698"," 542"," 329"," 259"," 259"," 102"," 111"," 237"," 342"," 459"," 478"," 612"," 221"," 246"," 130"," 420"," 305"," 542"," 586"," 611"," 514"," 483"," 312"," 411"," 506"," 367"," 378"," 237"," 426"," 436"," 362"
"2023F","OK","SFCCB",,,,,,,,,,,,,,,,,,,,," 0"," 0"," 0"," 0"," 0"," 0"," 0"," 0"," 0"," 0"," 0"," 0"," 0"," 0"," 0"," 0"," 0"," 0"," 0"," 0"," 0"," 0"," 0"," 0"," 0"," 0"," 0"," 0"," 0"," 0"," 0"," 0"," 0"," 0"," 0"," 0"," 0"," 0"," 0"," 0"," 0"," 0"," 42"," 86"
"2023F","OK","SFEIB",,,,,,,,,,,,,,,,,,,,," 0"," 0"," 0"," 0"," 0"," 0"," 0"," 0"," 0"," 0"," 0"," 0"," 0"," 0"," 0"," 0"," 0"," 0"," 0"," 0"," 0"," 0"," 0"," 0"," 0"," 0"," 0"," 0"," 0"," 0"," 0"," 0"," 0"," 0"," 0"," 0"," 0"," 0"," 0"," 0"," 0"," 0"," 265"," 687"
"2023F","OK","SFINB",,,,,,,,,,,,,,,,,,,,," 0"," 0"," 0"," 0"," 0"," 0"," 0"," 0"," 0"," 0"," 0"," 0"," 0"," 0"," 0"," 0"," 0"," 0"," 0"," 0"," 0"," 0"," 0"," 0"," 0"," 0"," 0"," 0"," 0"," 0"," 0"," 0"," 0"," 0"," 0"," 0"," 0"," 0"," 0"," 0"," 0"," 0"," 197"," 435"
"2023F","OK","SFRCB",,,,,,,,,,,,,,,,,,,,," 0"," 0"," 0"," 0"," 0"," 0"," 0"," 0"," 0"," 0"," 0"," 0"," 0"," 0"," 0"," 0"," 0"," 0"," 0"," 0"," 0"," 0"," 0"," 0"," 0"," 0"," 0"," 0"," 0"," 0"," 0"," 0"," 0"," 0"," 0"," 0"," 0"," 0"," 0"," 0"," 0"," 0"," 57"," 114"
"2023F","OK","SFTCB",,,,,,,,,,,,,,,,,,,,," 0"," 0"," 0"," 0"," 0"," 0"," 0"," 0"," 0"," 0"," 0"," 0"," 0"," 0"," 0"," 0"," 0"," 0"," 0"," 0"," 0"," 0"," 0"," 0"," 0"," 0"," 0"," 0"," 0"," 0"," 0"," 0"," 0"," 0"," 0"," 0"," 0"," 0"," 0"," 0"," 0"," 0"," 561"," 1322"
"2023F","OK","SGICB"," 33051"," 31926"," 32918"," 32120"," 32275"," 33667"," 33213"," 33728"," 34885"," 36852"," 36165"," 33095"," 36163"," 36069"," 35985"," 38252"," 37263"," 37644"," 37941"," 38572"," 36912"," 39061"," 33993"," 32157"," 30181"," 31510"," 35470"," 35746"," 37411"," 38382"," 38951"," 37986"," 38825"," 39283"," 38224"," 38578"," 38656"," 38836"," 39194"," 40034"," 41626"," 43516"," 41828"," 43681"," 44090"," 44394"," 44843"," 46127"," 43404"," 44134"," 44206"," 44289"," 45236"," 44332"," 43446"," 42125"," 44450"," 44483"," 45058"," 42759"," 40765"," 43169"," 44358"," 43272"
"2023F","OK","SGICP"," 5509"," 5321"," 5486"," 5353"," 5379"," 5611"," 5535"," 5621"," 5814"," 6142"," 6028"," 5516"," 6027"," 6012"," 5997"," 6375"," 6210"," 6274"," 6324"," 6429"," 6152"," 6510"," 5665"," 5360"," 5030"," 5252"," 5912"," 5958"," 6235"," 6397"," 6492"," 6331"," 6471"," 6547"," 6371"," 6430"," 6443"," 6473"," 6532"," 6672"," 6938"," 7253"," 6971"," 7280"," 7348"," 7399"," 7474"," 7688"," 7234"," 7356"," 7368"," 7382"," 7539"," 7389"," 7241"," 7021"," 7070"," 7075"," 7167"," 6801"," 6484"," 6866"," 7056"," 6883"
"2023F","OK","SHCAS",,,,,,,,,,,,,,,,,,,,,,,,,,,,,,,,,,,,,,,,,,,,,,,,," 0"," 0"," 0"," 0"," 0"," 0"," 0"," 0"," 0"," 0"," 0"," 0"," 0"," 0"," 0"," 0"
"2023F","OK","SNICB"," 0"," 0"," 0"," 0"," 299"," 324"," 482"," 401"," 430"," 471"," 500"," 584"," 625"," 633"," 628"," 539"," 588"," 613"," 737"," 747"," 718"," 535"," 498"," 585"," 782"," 601"," 244"," 272"," 215"," 202"," 201"," 323"," 384"," 384"," 298"," 260"," 335"," 325"," 482"," 654"," 438"," 343"," 447"," 351"," 223"," 273"," 393"," 438"," 476"," 259"," 146"," 127"," 83"," 1088"," 1154"," 1080"," 1018"," 394"," 361"," 375"," 340"," 319"," 593"," 594"
"2023F","OK","SNICP"," 0"," 0"," 0"," 0"," 57"," 62"," 92"," 76"," 82"," 90"," 95"," 111"," 119"," 121"," 120"," 103"," 112"," 117"," 141"," 142"," 137"," 102"," 95"," 111"," 149"," 115"," 47"," 52"," 41"," 38"," 38"," 62"," 73"," 73"," 57"," 50"," 64"," 62"," 92"," 125"," 83"," 65"," 85"," 67"," 42"," 52"," 75"," 83"," 91"," 49"," 28"," 24"," 16"," 207"," 220"," 206"," 194"," 75"," 69"," 72"," 65"," 61"," 113"," 113"
"2023F","OK","SOCCB"," 0"," 0"," 0"," 0"," 0"," 0"," 0"," 0"," 0"," 0"," 0"," 0"," 0"," 0"," 0"," 0"," 0"," 0"," 0"," 0"," 0"," 0"," 0"," 0"," 0"," 0"," 0"," 0"," 0"," 0"," 0"," 0"," 0"," 0"," 0"," 0"," 0"," 0"," 0"," 0"," 0"," 0"," 0"," 0"," 0"," 0"," 0"," 0"," 0"," 0"," 0"," 1"," 2"," 2"," 2"," 3"," 3"," 4"," 13"," 16"," 20"," 28"," 41"," 96"
"2023F","OK","SOCCP"," 0"," 0"," 0"," 0"," 0"," 0"," 0"," 0"," 0"," 0"," 0"," 0"," 0"," 0"," 0"," 0"," 0"," 0"," 0"," 0"," 0"," 0"," 0"," 0"," 0"," 0"," 0"," 0"," 0"," 0"," 0"," 0"," 0"," 0"," 0"," 0"," 0"," 0"," 0"," 0"," 0"," 0"," 0"," 0"," 0"," 0"," 0"," 0"," 0"," 0"," 0"," 0"," 0"," 1"," 1"," 1"," 1"," 1"," 4"," 5"," 6"," 8"," 12"," 28"
"2023F","OK","SOEGB"," 0"," 0"," 0"," 0"," 0"," 0"," 0"," 0"," 0"," 0"," 0"," 0"," 0"," 0"," 0"," 0"," 0"," 0"," 0"," 0"," 0"," 0"," 0"," 0"," 0"," 0"," 0"," 0"," 0"," 0"," 0"," 0"," 0"," 0"," 0"," 0"," 0"," 0"," 0"," 0"," 0"," 0"," 0"," 0"," 0"," 0"," 0"," 0"," 0"," 0"," 0"," 0"," 0"," 0"," 0"," 5"," 19"," 111"," 210"," 203"," 216"," 261"," 278"," 268"
"2023F","OK","SOEGP"," 0"," 0"," 0"," 0"," 0"," 0"," 0"," 0"," 0"," 0"," 0"," 0"," 0"," 0"," 0"," 0"," 0"," 0"," 0"," 0"," 0"," 0"," 0"," 0"," 0"," 0"," 0"," 0"," 0"," 0"," 0"," 0"," 0"," 0"," 0"," 0"," 0"," 0"," 0"," 0"," 0"," 0"," 0"," 0"," 0"," 0"," 0"," 0"," 0"," 0"," 0"," 0"," 0"," 0"," 0"," 2"," 5"," 33"," 62"," 60"," 63"," 77"," 81"," 79"
"2023F","OK","SOGBP",,,,,,,,,,,,,,,,,,,,,,,,,,,,,,,,,,,,,,,,,,,,,,,,," 0"," 0"," 0"," 0"," 0"," 0"," 0"," 3"," 3"," 21"," 31"," 31"," 41"," 43"," 48"," 48"
"2023F","OK","SOICB"," 0"," 0"," 0"," 0"," 0"," 0"," 0"," 0"," 0"," 0"," 0"," 0"," 0"," 0"," 0"," 0"," 0"," 0"," 0"," 0"," 0"," 0"," 0"," 0"," 0"," 0"," 0"," 0"," 0"," 0"," 0"," 0"," 0"," 0"," 0"," 0"," 0"," 0"," 0"," 0"," 0"," 0"," 0"," 0"," 0"," 0"," 0"," 0"," 0"," 0"," 0"," 0"," 0"," 0"," 0"," 0"," 0"," 0"," 1"," 2"," 3"," 3"," 3"," 11"
"2023F","OK","SOICP"," 0"," 0"," 0"," 0"," 0"," 0"," 0"," 0"," 0"," 0"," 0"," 0"," 0"," 0"," 0"," 0"," 0"," 0"," 0"," 0"," 0"," 0"," 0"," 0"," 0"," 0"," 0"," 0"," 0"," 0"," 0"," 0"," 0"," 0"," 0"," 0"," 0"," 0"," 0"," 0"," 0"," 0"," 0"," 0"," 0"," 0"," 0"," 0"," 0"," 0"," 0"," 0"," 0"," 0"," 0"," 0"," 0"," 0"," 0"," 1"," 1"," 1"," 1"," 3"
"2023F","OK","SOR7P",,,,,,,,,,,,,,,,,,,,,,,,,,,,,," 0"," 0"," 0"," 0"," 0"," 0"," 0"," 0"," 0"," 0"," 0"," 0"," 0"," 0"," 0"," 0"," 0"," 0"," 0"," 0"," 0"," 0"," 0"," 1"," 1"," 2"," 2"," 3"," 4"," 7"," 14"," 23"," 43"," 72"," 132"
"2023F","OK","SORCB"," 0"," 0"," 0"," 0"," 0"," 0"," 0"," 0"," 0"," 0"," 0"," 0"," 0"," 0"," 0"," 0"," 0"," 0"," 0"," 0"," 0"," 0"," 0"," 0"," 0"," 0"," 0"," 0"," 0"," 87"," 89"," 89"," 89"," 89"," 88"," 86"," 83"," 79"," 79"," 72"," 63"," 53"," 44"," 35"," 27"," 21"," 20"," 22"," 24"," 24"," 25"," 26"," 28"," 32"," 33"," 36"," 39"," 44"," 53"," 77"," 107"," 175"," 275"," 480"
"2023F","OK","SOTCB"," 0"," 0"," 0"," 0"," 0"," 0"," 0"," 0"," 0"," 0"," 0"," 0"," 0"," 0"," 0"," 0"," 0"," 0"," 0"," 0"," 0"," 0"," 0"," 0"," 0"," 0"," 0"," 0"," 0"," 87"," 89"," 89"," 89"," 89"," 88"," 86"," 83"," 79"," 79"," 72"," 63"," 53"," 44"," 35"," 27"," 21"," 20"," 22"," 24"," 24"," 25"," 27"," 30"," 34"," 35"," 44"," 60"," 159"," 277"," 299"," 346"," 466"," 598"," 856"
"2023F","OK","SOTGP"," 0"," 0"," 0"," 0"," 0"," 0"," 0"," 0"," 0"," 0"," 0"," 0"," 0"," 0"," 0"," 0"," 0"," 0"," 0"," 0"," 0"," 0"," 0"," 0"," 0"," 0"," 0"," 0"," 0"," 0"," 0"," 0"," 0"," 0"," 0"," 0"," 0"," 0"," 0"," 0"," 0"," 0"," 0"," 0"," 0"," 0"," 0"," 0"," 0"," 0"," 0"," 1"," 1"," 2"," 2"," 5"," 9"," 38"," 73"," 79"," 93"," 128"," 167"," 242"
"2023F","OK","SOTXB"," 0"," 0"," 0"," 0"," 0"," 0"," 0"," 0"," 0"," 0"," 0"," 0"," 0"," 0"," 0"," 0"," 0"," 0"," 0"," 0"," 0"," 0"," 0"," 0"," 0"," 0"," 0"," 0"," 0"," 87"," 89"," 89"," 89"," 89"," 88"," 86"," 83"," 79"," 79"," 72"," 63"," 53"," 44"," 35"," 27"," 21"," 20"," 22"," 24"," 24"," 25"," 27"," 30"," 34"," 35"," 38"," 42"," 48"," 67"," 95"," 130"," 205"," 320"," 588"
"2023F","OK","SPCAS",,,,,,,,,,,,,,,,,,,,,,,,,,,,,,,,,,,,,,,,,,,,,,,,," 0"," 0"," 0"," 0"," 0"," 0"," 0"," 18.4"," 24.8"," 22.6"," 23.7"," 22.3"," 20.1"," 20.6"," 20"," 18.9"
"2023F","OK","TEACB"," 150704"," 156466"," 164839"," 173978"," 177495"," 181452"," 191749"," 199061"," 215738"," 221482"," 241452"," 247329"," 262416"," 272534"," 269250"," 278451"," 298112"," 312494"," 320848"," 318780"," 308459"," 330085"," 350617"," 345022"," 345747"," 340783"," 324441"," 331045"," 337054"," 356262"," 340214"," 348184"," 374952"," 363564"," 376090"," 359989"," 381541"," 375036"," 382455"," 400473"," 425637"," 465132"," 435147"," 444995"," 412077"," 438226"," 449611"," 459317"," 461917"," 442475"," 454403"," 443533"," 445853"," 443334"," 480188"," 470039"," 470273"," 479103"," 488483"," 475953"," 427400"," 455174"," 456695"," 461677"
"2023F","OK","TEAPB"," 64.5"," 65.7"," 67.9"," 71.3"," 72.6"," 74.4"," 78.1"," 80"," 86.2"," 87.4"," 94.1"," 94.5"," 98.7"," 101.1"," 98.5"," 100.4"," 105.5"," 108.9"," 110"," 107.1"," 101.4"," 106.6"," 109.4"," 104.9"," 105.2"," 104.2"," 99.7"," 103.1"," 106.4"," 113.1"," 108"," 109.6"," 116.4"," 111.8"," 114.6"," 108.8"," 114.2"," 111.2"," 112.3"," 116.5"," 123.2"," 134.2"," 124.7"," 127"," 116.9"," 123.5"," 125.1"," 126.4"," 125.9"," 119"," 120.9"," 117.1"," 116.7"," 115"," 123.8"," 120.2"," 119.7"," 121.8"," 123.9"," 120.2"," 107.8"," 114"," 113.4"," 113.6"
"2023F","OK","TECCB"," 57203"," 50701"," 54007"," 59861"," 63743"," 66292"," 69932"," 80565"," 89251"," 91949"," 99833"," 101064"," 111223"," 111286"," 113444"," 122103"," 129786"," 142390"," 143864"," 146965"," 148885"," 160153"," 170548"," 174862"," 168346"," 170481"," 160679"," 157775"," 182335"," 172871"," 195090"," 184656"," 173906"," 182888"," 185966"," 188437"," 204224"," 211927"," 215634"," 210830"," 226988"," 230056"," 228029"," 224516"," 222289"," 224792"," 228733"," 234346"," 234518"," 230007"," 235820"," 234862"," 228785"," 234322"," 240200"," 228924"," 214671"," 205503"," 214379"," 200649"," 182873"," 193983"," 209415"," 211466"
"2023F","OK","TECPB"," 24.5"," 21.3"," 22.3"," 24.5"," 26.1"," 27.2"," 28.5"," 32.4"," 35.7"," 36.3"," 38.9"," 38.6"," 41.8"," 41.3"," 41.5"," 44"," 45.9"," 49.6"," 49.3"," 49.4"," 49"," 51.7"," 53.2"," 53.1"," 51.2"," 52.1"," 49.4"," 49.1"," 57.6"," 54.9"," 62"," 58.2"," 54"," 56.2"," 56.7"," 57"," 61.1"," 62.8"," 63.3"," 61.3"," 65.7"," 66.4"," 65.4"," 64.1"," 63.1"," 63.3"," 63.6"," 64.5"," 63.9"," 61.9"," 62.7"," 62"," 59.9"," 60.8"," 61.9"," 58.5"," 54.6"," 52.2"," 54.4"," 50.7"," 46.1"," 48.6"," 52"," 52"
"2023F","OK","TEEIB"," 88485"," 89906"," 104110"," 121646"," 128982"," 133675"," 152709"," 160693"," 171396"," 207386"," 247757"," 253617"," 279654"," 294938"," 319479"," 322860"," 350727"," 363699"," 407123"," 411609"," 450654"," 446434"," 454797"," 464477"," 458195"," 442450"," 417979"," 434854"," 448734"," 452927"," 459556"," 485116"," 485312"," 510005"," 492010"," 513204"," 512898"," 521930"," 552473"," 536725"," 555991"," 550379"," 583398"," 589364"," 575495"," 643483"," 664621"," 670981"," 690549"," 676868"," 655090"," 664592"," 673893"," 626264"," 584688"," 593146"," 579142"," 515327"," 601320"," 562732"," 534312"," 522326"," 533720"," 560621"
"2023F","OK","TEICB"," 251048"," 249677"," 339781"," 395211"," 415388"," 378559"," 328186"," 326121"," 363373"," 382637"," 392536"," 409083"," 418397"," 413778"," 445698"," 437428"," 499788"," 519357"," 538456"," 609659"," 509474"," 505686"," 517087"," 508745"," 531909"," 513652"," 465499"," 519573"," 512297"," 533623"," 575368"," 528838"," 540105"," 564509"," 566062"," 553534"," 556096"," 565821"," 539552"," 525427"," 517587"," 500027"," 482244"," 511558"," 540709"," 553206"," 586583"," 564323"," 560360"," 502702"," 539333"," 550285"," 568396"," 570235"," 587803"," 576675"," 584796"," 603629"," 621532"," 618085"," 600137"," 599534"," 604757"," 613907"
"2023F","OK","TEIPB"," 107.5"," 104.9"," 140"," 162"," 169.8"," 155.1"," 133.7"," 131"," 145.2"," 150.9"," 152.9"," 156.2"," 157.4"," 153.5"," 163"," 157.6"," 176.8"," 181"," 184.6"," 204.9"," 167.5"," 163.3"," 161.3"," 154.6"," 161.9"," 157"," 143.1"," 161.9"," 161.8"," 169.4"," 182.7"," 166.5"," 167.7"," 173.6"," 172.5"," 167.3"," 166.5"," 167.8"," 158.4"," 152.9"," 149.8"," 144.2"," 138.2"," 146"," 153.4"," 155.9"," 163.2"," 155.3"," 152.7"," 135.2"," 143.4"," 145.2"," 148.8"," 148"," 151.5"," 147.5"," 148.9"," 153.5"," 157.6"," 156.1"," 151.3"," 150.2"," 150.2"," 151.1"
"2023F","OK","TERCB"," 111298"," 114824"," 120825"," 126776"," 132469"," 132868"," 139692"," 140549"," 157692"," 169968"," 184409"," 185362"," 202602"," 202255"," 207012"," 203776"," 208637"," 228956"," 235511"," 219519"," 217984"," 222957"," 241774"," 246881"," 240188"," 240567"," 220524"," 221603"," 236273"," 234192"," 263316"," 247707"," 229497"," 260579"," 258134"," 257313"," 282282"," 272847"," 288996"," 274862"," 301129"," 296878"," 300690"," 295966"," 280459"," 291141"," 288722"," 288229"," 293897"," 286346"," 312950"," 309189"," 272415"," 294936"," 295936"," 262504"," 242446"," 226568"," 258282"," 246640"," 233585"," 241966"," 249118"," 232096"
"2023F","OK","TERPB"," 47.6"," 48.2"," 49.8"," 52"," 54.2"," 54.5"," 56.9"," 56.5"," 63"," 67"," 71.8"," 70.8"," 76.2"," 75"," 75.7"," 73.4"," 73.8"," 79.8"," 80.7"," 73.8"," 71.7"," 72"," 75.4"," 75"," 73.1"," 73.5"," 67.8"," 69"," 74.6"," 74.3"," 83.6"," 78"," 71.3"," 80.1"," 78.7"," 77.8"," 84.5"," 80.9"," 84.9"," 80"," 87.2"," 85.6"," 86.2"," 84.4"," 79.6"," 82"," 80.3"," 79.3"," 80.1"," 77"," 83.2"," 81.6"," 71.3"," 76.5"," 76.3"," 67.1"," 61.7"," 57.6"," 65.5"," 62.3"," 58.9"," 60.6"," 61.9"," 57.1"
"2023F","OK","TETCB"," 570253"," 571668"," 679452"," 755827"," 789094"," 759172"," 729559"," 746296"," 826054"," 866037"," 918230"," 942838"," 994638"," 999851"," 1035404"," 1041759"," 1136324"," 1203198"," 1238677"," 1294922"," 1184801"," 1218882"," 1280027"," 1275509"," 1286192"," 1265482"," 1171141"," 1229995"," 1267959"," 1296947"," 1373988"," 1309387"," 1318460"," 1371540"," 1386250"," 1359274"," 1424141"," 1425632"," 1426637"," 1411593"," 1471342"," 1492091"," 1446109"," 1477033"," 1455534"," 1507364"," 1553651"," 1546213"," 1550694"," 1460984"," 1542211"," 1537902"," 1515448"," 1542829"," 1604125"," 1538143"," 1512185"," 1514805"," 1582673"," 1541326"," 1443997"," 1490656"," 1519985"," 1519146"
"2023F","OK","TETGR",,,,,,,,,,,,,,,,,,,,,,,,,,,,,,,,,,,,,," 12.74"," 12.41"," 12.07"," 12.14"," 11.87"," 11.3"," 11.35"," 10.81"," 10.74"," 10.4"," 10.11"," 9.75"," 9.31"," 9.76"," 9.39"," 8.81"," 8.76"," 8.6"," 7.94"," 7.95"," 7.87"," 8.07"," 7.7"," 7.54"," 7.68"," 7.84"," 7.31"
"2023F","OK","TETPB"," 244.1"," 240.2"," 280"," 309.9"," 322.6"," 311.1"," 297.3"," 299.8"," 330"," 341.6"," 357.7"," 360.1"," 374.1"," 370.9"," 378.6"," 375.5"," 402"," 419.2"," 424.6"," 435.2"," 389.6"," 393.7"," 399.2"," 387.6"," 391.5"," 386.8"," 360"," 383.2"," 400.4"," 411.7"," 436.3"," 412.3"," 409.4"," 421.7"," 422.5"," 410.9"," 426.4"," 422.7"," 419"," 410.7"," 425.9"," 430.4"," 414.5"," 421.4"," 412.9"," 424.8"," 432.3"," 425.4"," 422.7"," 393"," 410.2"," 405.9"," 396.8"," 400.3"," 413.5"," 393.3"," 385"," 385.1"," 401.3"," 389.2"," 364.1"," 373.4"," 377.5"," 373.8"
"2023F","OK","TETXB"," 570253"," 571668"," 679452"," 755827"," 789094"," 759172"," 729559"," 746296"," 826054"," 866037"," 918230"," 942838"," 994638"," 999852"," 1035405"," 1041758"," 1136323"," 1203198"," 1238679"," 1294922"," 1184802"," 1218881"," 1280026"," 1275509"," 1286190"," 1265483"," 1171143"," 1229996"," 1267959"," 1296948"," 1373988"," 1309385"," 1318460"," 1371540"," 1386251"," 1359272"," 1424142"," 1425631"," 1426637"," 1411592"," 1471341"," 1492092"," 1446110"," 1477034"," 1455533"," 1507365"," 1553650"," 1546214"," 1550692"," 1461529"," 1542504"," 1537869"," 1515448"," 1542827"," 1604127"," 1538141"," 1512184"," 1514803"," 1582675"," 1541327"," 1443995"," 1490657"," 1519986"," 1519146"
"2023F","OK","TNACB"," 150704"," 156466"," 164839"," 173978"," 177495"," 181452"," 191749"," 199061"," 215738"," 221482"," 241452"," 247329"," 262416"," 272534"," 269250"," 278451"," 298112"," 312494"," 320848"," 318780"," 308459"," 330085"," 350617"," 345022"," 345747"," 340783"," 324441"," 331045"," 337054"," 356262"," 340214"," 348184"," 374952"," 363564"," 376090"," 359989"," 381541"," 375036"," 382455"," 400473"," 425637"," 465132"," 435147"," 444995"," 412077"," 438226"," 449611"," 459317"," 461917"," 442475"," 454403"," 443533"," 445853"," 443334"," 480188"," 470039"," 470273"," 479103"," 488483"," 475953"," 427400"," 455174"," 456695"," 461677"
"2023F","OK","TNCCB"," 44102"," 37286"," 38922"," 42876"," 45643"," 46526"," 48164"," 57991"," 64001"," 64204"," 68977"," 68153"," 73934"," 72041"," 72825"," 74659"," 79337"," 85336"," 84323"," 87023"," 83524"," 84567"," 90892"," 93623"," 92366"," 89319"," 81943"," 78842"," 98273"," 88282"," 92191"," 89394"," 83001"," 89686"," 86156"," 89582"," 98919"," 103756"," 101540"," 96646"," 102198"," 104431"," 103490"," 100352"," 100567"," 104353"," 103109"," 111435"," 113529"," 113609"," 115098"," 114665"," 112064"," 120126"," 125739"," 126264"," 121924"," 121831"," 131433"," 131041"," 120312"," 125571"," 137151"," 137874"
"2023F","OK","TNICB"," 233426"," 230990"," 320520"," 374290"," 393223"," 354649"," 300875"," 297688"," 332978"," 350788"," 358375"," 372688"," 376845"," 368914"," 397843"," 387038"," 442879"," 455132"," 470597"," 538929"," 438378"," 431820"," 445053"," 435868"," 461920"," 440320"," 396519"," 448649"," 438025"," 455056"," 486774"," 442977"," 455172"," 480188"," 478060"," 466849"," 463494"," 468816"," 440733"," 425499"," 408830"," 398428"," 385835"," 414121"," 438995"," 450388"," 482902"," 464078"," 462439"," 413965"," 443086"," 453402"," 471505"," 473057"," 488317"," 487220"," 503990"," 529522"," 546399"," 545642"," 531992"," 528452"," 533844"," 543732"
"2023F","OK","TNRCB"," 94979"," 98104"," 101275"," 103420"," 107227"," 105448"," 109238"," 109837"," 121011"," 126507"," 133437"," 131381"," 138762"," 134855"," 135734"," 139528"," 142743"," 153260"," 154999"," 143036"," 128641"," 127972"," 142744"," 145785"," 143698"," 140724"," 126559"," 125709"," 135978"," 133967"," 134704"," 132435"," 125123"," 145969"," 137049"," 136554"," 150518"," 141185"," 142653"," 137059"," 147843"," 146294"," 151734"," 148345"," 139581"," 144296"," 138978"," 147337"," 154852"," 151428"," 162476"," 159502"," 139037"," 161421"," 165230"," 150294"," 140314"," 137431"," 164054"," 164140"," 155856"," 160739"," 166223"," 156275"
"2023F","OK","TNTCB"," 523210"," 522846"," 625556"," 694563"," 723588"," 688076"," 650026"," 664578"," 733727"," 762981"," 802241"," 819551"," 851957"," 848344"," 875653"," 879675"," 963070"," 1006222"," 1030766"," 1087767"," 959002"," 974443"," 1029307"," 1020298"," 1043731"," 1011145"," 929463"," 984245"," 1009330"," 1033567"," 1053883"," 1012992"," 1038248"," 1079407"," 1077355"," 1052974"," 1094472"," 1088793"," 1067381"," 1059677"," 1084509"," 1114285"," 1076206"," 1107814"," 1091220"," 1137262"," 1174601"," 1182167"," 1192738"," 1121477"," 1175063"," 1171102"," 1168459"," 1197937"," 1259474"," 1233817"," 1236501"," 1267888"," 1330370"," 1316776"," 1235560"," 1269937"," 1293914"," 1299557"
"2023F","OK","TPOPP"," 2336"," 2380"," 2427"," 2439"," 2446"," 2440"," 2454"," 2489"," 2503"," 2535"," 2567"," 2619"," 2659"," 2696"," 2735"," 2775"," 2827"," 2870"," 2917"," 2975"," 3041"," 3096"," 3206"," 3290"," 3286"," 3271"," 3253"," 3210"," 3167"," 3150"," 3149"," 3175"," 3221"," 3252"," 3281"," 3308"," 3340"," 3373"," 3405"," 3437"," 3454"," 3467"," 3489"," 3505"," 3525"," 3549"," 3594"," 3634"," 3669"," 3718"," 3760"," 3789"," 3819"," 3854"," 3879"," 3911"," 3928"," 3934"," 3943"," 3961"," 3965"," 3992"," 4026"," 4064"
"2023F","OK","UOICB"," 0"," 0"," 0"," 0"," 0"," 0"," 0"," 0"," 0"," 0"," 0"," 0"," 0"," 0"," 0"," 0"," 0"," 0"," 0"," 0"," 0","-9724","-9777","-5410","-8366","-8859","-8914","-9210","-7052","-9898","-9755","-11989","-9521","-10877","-7415","-8734","-3035","-2761","-8561","-8020","-11530","-2238","-3884","-1433","-2154"," 83"," 2031"," 1969","-1586","-2360"," 840"," 1672"," 1835"," 482","-2308","-501"," 238"," 2146"," 863"," 3790"," 5529"," 1434"," 0"," 0"
"2023F","OK","UOICP"," 0"," 0"," 0"," 0"," 0"," 0"," 0"," 0"," 0"," 0"," 0"," 0"," 0"," 0"," 0"," 0"," 0"," 0"," 0"," 0"," 0","-1669","-1679","-929","-1436","-1521","-1530","-1581","-1211","-1699","-1675","-2058","-1634","-1867","-1273","-1499","-521","-474","-1470","-1377","-1979","-384","-667","-246","-370"," 14"," 349"," 338","-272","-405"," 144"," 287"," 315"," 83","-396","-86"," 41"," 368"," 148"," 651"," 949"," 246"," 0"," 0"
"2023F","OK","USICB"," 0"," 0"," 0"," 0"," 0"," 0"," 0"," 0"," 0"," 0"," 0"," 0"," 0"," 0"," 0"," 0"," 0"," 0"," 0"," 0"," 0"," 0"," 0"," 0"," 0"," 0"," 0"," 0"," 0"," 0"," 0"," 0"," 0"," 0"," 0"," 0"," 0"," 0"," 0"," 0"," 0"," 0"," 0"," 0"," 0"," 0"," 0"," 0"," 0"," 0"," 0"," 0"," 0"," 0"," 0"," 0"," 0"," 0"," 0"," 0"," 0"," 0"," 0"," 0"
"2023F","OK","USICP"," 0"," 0"," 0"," 0"," 0"," 0"," 0"," 0"," 0"," 0"," 0"," 0"," 0"," 0"," 0"," 0"," 0"," 0"," 0"," 0"," 0"," 0"," 0"," 0"," 0"," 0"," 0"," 0"," 0"," 0"," 0"," 0"," 0"," 0"," 0"," 0"," 0"," 0"," 0"," 0"," 0"," 0"," 0"," 0"," 0"," 0"," 0"," 0"," 0"," 0"," 0"," 0"," 0"," 0"," 0"," 0"," 0"," 0"," 0"," 0"," 0"," 0"," 0"," 0"
"2023F","OK","WDCCB"," 174"," 162"," 151"," 145"," 137"," 125"," 127"," 118"," 124"," 118"," 116"," 108"," 111"," 108"," 110"," 129"," 142"," 161"," 212"," 259"," 71"," 72"," 130"," 75"," 122"," 133"," 149"," 208"," 230"," 535"," 486"," 507"," 535"," 899"," 861"," 869"," 902"," 526"," 460"," 483"," 517"," 504"," 516"," 537"," 525"," 509"," 473"," 502"," 530"," 777"," 767"," 739"," 647"," 750"," 750"," 531"," 469"," 415"," 549"," 547"," 1117"," 1117"," 1117"," 1117"
"2023F","OK","WDEIB"," 0"," 0"," 0"," 0"," 0"," 0"," 0"," 0"," 0"," 0"," 0"," 0"," 0"," 0"," 0"," 0"," 0"," 0"," 0"," 0"," 0"," 0"," 0"," 0"," 0"," 0"," 0"," 0"," 0"," 0"," 0"," 0"," 0"," 0"," 0"," 0"," 0"," 0"," 0"," 0"," 0"," 0"," 0"," 0"," 0"," 0"," 0"," 0"," 0"," 0"," 0"," 0"," 0"," 0"," 0"," 0"," 0"," 0"," 22"," 0"," 0"," 0"," 0"," 0"
"2023F","OK","WDGBP",,,,,,,,,,,,,,,,,,,,,,,,,,,,,,,,,,,,,,,,,,,,,,,,," 63"," 58"," 58"," 58"," 58"," 58"," 58"," 58"," 58"," 58"," 58"," 58"," 58"," 58"," 58"," 58"
"2023F","OK","WDICB"," 808"," 808"," 843"," 826"," 791"," 860"," 894"," 774"," 946"," 877"," 705"," 998"," 5745"," 5900"," 5401"," 5057"," 5659"," 5848"," 7809"," 8824"," 8283"," 8293"," 7848"," 8749"," 8692"," 8516"," 8908"," 8720"," 8991"," 18000"," 16403"," 15848"," 14170"," 15321"," 16698"," 17101"," 21416"," 21292"," 21129"," 19066"," 20205"," 20532"," 17025"," 19366"," 20932"," 21094"," 21528"," 20475"," 4988"," 5769"," 17580"," 17997"," 19248"," 18464"," 18369"," 17686"," 18643"," 24951"," 25184"," 23487"," 25366"," 23921"," 21426"," 19820"
"2023F","OK","WDRCB"," 9202"," 8548"," 7946"," 7671"," 7241"," 6622"," 6708"," 6140"," 6467"," 6244"," 6158"," 5728"," 5848"," 5676"," 5831"," 6811"," 7516"," 8480"," 11128"," 13674"," 2846"," 2982"," 5725"," 3311"," 5420"," 5583"," 5085"," 6119"," 6530"," 6602"," 4443"," 4658"," 4887"," 6677"," 6338"," 6338"," 6582"," 3149"," 2799"," 2872"," 3093"," 2865"," 2908"," 3061"," 3137"," 3174"," 2815"," 3111"," 3482"," 5503"," 5902"," 5724"," 4783"," 6242"," 6317"," 3968"," 3042"," 2600"," 4210"," 4359"," 5612"," 5802"," 7310"," 6214"
"2023F","OK","WDTCB"," 10185"," 9519"," 8940"," 8642"," 8170"," 7607"," 7729"," 7032"," 7537"," 7239"," 6979"," 6833"," 11704"," 11683"," 11342"," 11997"," 13317"," 14489"," 19149"," 22757"," 11200"," 11347"," 13702"," 12135"," 14233"," 14232"," 14143"," 15047"," 15751"," 25137"," 21332"," 21013"," 19591"," 22897"," 23897"," 24308"," 28901"," 24968"," 24387"," 22422"," 23816"," 23900"," 20449"," 22964"," 24595"," 24777"," 24815"," 24089"," 8999"," 12049"," 24249"," 24460"," 24678"," 25456"," 25436"," 22186"," 22155"," 27966"," 29965"," 28393"," 32094"," 30840"," 29853"," 27151"
"2023F","OK","WSCCB"," 0"," 0"," 0"," 0"," 0"," 0"," 0"," 0"," 0"," 0"," 0"," 0"," 0"," 0"," 0"," 0"," 0"," 0"," 0"," 0"," 0"," 0"," 0"," 0"," 0"," 0"," 0"," 0"," 0"," 0"," 0"," 0"," 0"," 0"," 0"," 0"," 0"," 0"," 0"," 0"," 0"," 0"," 0"," 0"," 0"," 0"," 0"," 0"," 0"," 0"," 0"," 0"," 0"," 0"," 0"," 0"," 0"," 0"," 0"," 0"," 0"," 0"," 1086"," 1069"
"2023F","OK","WSEIB"," 0"," 0"," 0"," 0"," 0"," 0"," 0"," 0"," 0"," 0"," 0"," 0"," 0"," 0"," 0"," 0"," 0"," 0"," 0"," 0"," 0"," 0"," 0"," 0"," 0"," 0"," 0"," 0"," 0"," 0"," 0"," 0"," 0"," 0"," 0"," 0"," 0"," 0"," 0"," 0"," 0"," 0"," 0"," 0"," 0"," 0"," 0"," 0"," 45"," 0"," 0"," 0"," 0"," 186"," 194"," 154"," 184"," 227"," 240"," 255"," 219"," 260"," 432"," 169"
"2023F","OK","WSGBP",,,,,,,,,,,,,,,,,,,,,,,,,,,,,,,,,,,,,,,,,,,,,,,,," 16"," 16"," 16"," 16"," 16"," 18"," 18"," 18"," 18"," 18"," 18"," 18"," 20"," 18"," 18"," 18"
"2023F","OK","WSICB"," 0"," 0"," 0"," 0"," 0"," 0"," 0"," 0"," 0"," 0"," 0"," 0"," 0"," 0"," 0"," 0"," 0"," 0"," 0"," 0"," 0"," 449"," 609"," 804"," 1054"," 1189"," 211"," 232"," 254"," 169"," 89"," 53"," 85"," 49"," 198"," 229"," 376"," 300"," 345"," 350"," 281"," 203"," 194"," 186"," 1878"," 1744"," 2308"," 1600"," 3793"," 6293"," 6002"," 5649"," 6379"," 8109"," 6269"," 5657"," 7528"," 5378"," 5699"," 5669"," 5665"," 6318"," 4977"," 4857"
"2023F","OK","WSTCB"," 0"," 0"," 0"," 0"," 0"," 0"," 0"," 0"," 0"," 0"," 0"," 0"," 0"," 0"," 0"," 0"," 0"," 0"," 0"," 0"," 0"," 449"," 609"," 804"," 1054"," 1189"," 211"," 232"," 254"," 169"," 89"," 53"," 85"," 49"," 198"," 229"," 376"," 300"," 345"," 350"," 281"," 203"," 194"," 186"," 1878"," 1744"," 2308"," 1600"," 3838"," 6293"," 6002"," 5649"," 6379"," 8295"," 6463"," 5812"," 7712"," 5606"," 5939"," 5924"," 5884"," 6578"," 6495"," 6095"
"2023F","OK","WWCCB"," 174"," 162"," 151"," 145"," 137"," 125"," 127"," 118"," 124"," 118"," 116"," 108"," 111"," 108"," 110"," 129"," 142"," 161"," 212"," 259"," 71"," 72"," 130"," 75"," 122"," 133"," 149"," 208"," 230"," 535"," 486"," 507"," 535"," 899"," 861"," 869"," 902"," 526"," 460"," 483"," 517"," 504"," 516"," 537"," 525"," 509"," 473"," 502"," 530"," 777"," 767"," 739"," 647"," 750"," 750"," 531"," 469"," 415"," 549"," 547"," 1117"," 1117"," 2203"," 2186"
"2023F","OK","WWEIB"," 0"," 0"," 0"," 0"," 0"," 0"," 0"," 0"," 0"," 0"," 0"," 0"," 0"," 0"," 0"," 0"," 0"," 0"," 0"," 0"," 0"," 0"," 0"," 0"," 0"," 0"," 0"," 0"," 0"," 0"," 0"," 0"," 0"," 0"," 0"," 0"," 0"," 0"," 0"," 0"," 0"," 0"," 0"," 0"," 0"," 0"," 0"," 0"," 45"," 0"," 0"," 0"," 0"," 186"," 194"," 154"," 184"," 227"," 262"," 255"," 219"," 260"," 432"," 169"
"2023F","OK","WWICB"," 808"," 808"," 843"," 826"," 791"," 860"," 894"," 774"," 946"," 877"," 705"," 998"," 5745"," 5900"," 5401"," 5057"," 5659"," 5848"," 7809"," 8824"," 8283"," 8742"," 8457"," 9553"," 9746"," 9705"," 9119"," 8953"," 9245"," 18169"," 16492"," 15901"," 14256"," 15370"," 16896"," 17330"," 21792"," 21592"," 21474"," 19416"," 20487"," 20735"," 17218"," 19552"," 22810"," 22837"," 23836"," 22076"," 8781"," 12062"," 23582"," 23646"," 25627"," 26573"," 24638"," 23343"," 26170"," 30329"," 30883"," 29156"," 31030"," 30239"," 26403"," 24677"
"2023F","OK","WWTCB"," 10185"," 9519"," 8940"," 8642"," 8170"," 7607"," 7729"," 7032"," 7537"," 7239"," 6979"," 6833"," 11704"," 11683"," 11342"," 11997"," 13317"," 14489"," 19149"," 22757"," 11200"," 11796"," 14312"," 12939"," 15287"," 15420"," 14354"," 15280"," 16005"," 25306"," 21420"," 21066"," 19677"," 22946"," 24095"," 24537"," 29277"," 25268"," 24732"," 22772"," 24097"," 24104"," 20642"," 23150"," 26472"," 26521"," 27123"," 25689"," 12837"," 18342"," 30251"," 30109"," 31058"," 33751"," 31899"," 27997"," 29867"," 33572"," 35904"," 34317"," 37978"," 37418"," 36348"," 33246"
"2023F","OK","WWTXB"," 10185"," 9519"," 8940"," 8642"," 8170"," 7607"," 7729"," 7032"," 7537"," 7239"," 6979"," 6833"," 11704"," 11683"," 11342"," 11997"," 13317"," 14489"," 19149"," 22757"," 11200"," 11796"," 14312"," 12939"," 15287"," 15420"," 14354"," 15280"," 16005"," 25306"," 21420"," 21066"," 19677"," 22946"," 24095"," 24537"," 29277"," 25268"," 24732"," 22772"," 24097"," 24104"," 20642"," 23150"," 26472"," 26521"," 27123"," 25689"," 12792"," 18342"," 30251"," 30109"," 31058"," 33565"," 31705"," 27843"," 29682"," 33344"," 35642"," 34061"," 37759"," 37158"," 35916"," 33077"
"2023F","OK","WXICB"," 0"," 0"," 0"," 0"," 0"," 0"," 0"," 0"," 0"," 0"," 0"," 0"," 0"," 0"," 0"," 0"," 0"," 0"," 0"," 0"," 0"," 0"," 0"," 0"," 0"," 0"," 0"," 0"," 0"," 0"," 0"," 250"," 266"," 285"," 289"," 289"," 293"," 263"," 255"," 225"," 199"," 116"," 103"," 99"," 98"," 100"," 160"," 134"," 117"," 75"," 104"," 92"," 93"," 123"," 110"," 92"," 95"," 60"," 73"," 61"," 54"," 69"," 94"," 65"
"2023F","OK","WXICP"," 0"," 0"," 0"," 0"," 0"," 0"," 0"," 0"," 0"," 0"," 0"," 0"," 0"," 0"," 0"," 0"," 0"," 0"," 0"," 0"," 0"," 0"," 0"," 0"," 0"," 0"," 0"," 0"," 0"," 0"," 0"," 45"," 48"," 52"," 52"," 52"," 53"," 48"," 46"," 41"," 36"," 21"," 19"," 18"," 18"," 18"," 29"," 24"," 21"," 13"," 19"," 17"," 17"," 22"," 20"," 17"," 17"," 11"," 13"," 11"," 10"," 13"," 17"," 12"
"2023F","OK","WYCAS",,,,,,,,,,,,,,,,,,,,,,,,,,,,,,,,,,,,,,,,,,,,,,,,," 39"," 35.4"," 36"," 40.8"," 39.9"," 40.7"," 42.7"," 39.2"," 42.1"," 40.2"," 41.1"," 41"," 40.4"," 37.5"," 37.7"," 34.5"
"2023F","OK","WYCCB"," 0"," 0"," 0"," 0"," 0"," 0"," 0"," 0"," 0"," 0"," 0"," 0"," 0"," 0"," 0"," 0"," 0"," 0"," 0"," 0"," 0"," 0"," 0"," 0"," 0"," 0"," 0"," 0"," 0"," 0"," 0"," 0"," 0"," 0"," 0"," 0"," 0"," 0"," 0"," 0"," 0"," 0"," 0"," 0"," 0"," 0"," 0"," 0"," 0"," 0"," 0"," 0"," 0"," 0"," 0"," 0"," 0"," 0"," 0"," 0"," 0"," 0"," 0"," 0"
"2023F","OK","WYCCP"," 0"," 0"," 0"," 0"," 0"," 0"," 0"," 0"," 0"," 0"," 0"," 0"," 0"," 0"," 0"," 0"," 0"," 0"," 0"," 0"," 0"," 0"," 0"," 0"," 0"," 0"," 0"," 0"," 0"," 0"," 0"," 0"," 0"," 0"," 0"," 0"," 0"," 0"," 0"," 0"," 0"," 0"," 0"," 0"," 0"," 0"," 0"," 0"," 0"," 0"," 0"," 0"," 0"," 0"," 0"," 0"," 0"," 0"," 0"," 0"," 0"," 0"," 0"," 0"
"2023F","OK","WYEGB"," 0"," 0"," 0"," 0"," 0"," 0"," 0"," 0"," 0"," 0"," 0"," 0"," 0"," 0"," 0"," 0"," 0"," 0"," 0"," 0"," 0"," 0"," 0"," 0"," 0"," 0"," 0"," 0"," 0"," 0"," 0"," 0"," 0"," 0"," 0"," 0"," 0"," 0"," 0"," 0"," 0"," 0"," 0"," 186"," 1954"," 2893"," 5843"," 6309"," 8046"," 9206"," 12993"," 19125"," 27834"," 38086"," 40728"," 47873"," 68476"," 80519"," 93278"," 98976"," 100371"," 111028"," 128130"," 126286"
"2023F","OK","WYEGP"," 0"," 0"," 0"," 0"," 0"," 0"," 0"," 0"," 0"," 0"," 0"," 0"," 0"," 0"," 0"," 0"," 0"," 0"," 0"," 0"," 0"," 0"," 0"," 0"," 0"," 0"," 0"," 0"," 0"," 0"," 0"," 0"," 0"," 0"," 0"," 0"," 0"," 0"," 0"," 0"," 0"," 0"," 0"," 54"," 573"," 848"," 1712"," 1849"," 2358"," 2698"," 3808"," 5605"," 8158"," 11162"," 11937"," 14031"," 20069"," 23599"," 27338"," 29008"," 29417"," 32540"," 37553"," 37012"
"2023F","OK","WYGBP",,,,,,,,,,,,,,,,,,,,,,,,,,,,,,,,,,,,,,,,,,,,,,,,," 708"," 1130"," 1480"," 1811"," 3133"," 3133"," 3780"," 5001"," 6644"," 6898"," 8071"," 8169"," 9320"," 10412"," 11594"," 12245"
"2023F","OK","WYICB"," 0"," 0"," 0"," 0"," 0"," 0"," 0"," 0"," 0"," 0"," 0"," 0"," 0"," 0"," 0"," 0"," 0"," 0"," 0"," 0"," 0"," 0"," 0"," 0"," 0"," 0"," 0"," 0"," 0"," 0"," 0"," 0"," 0"," 0"," 0"," 0"," 0"," 0"," 0"," 0"," 0"," 0"," 0"," 0"," 0"," 0"," 0"," 0"," 0"," 0"," 0"," 0"," 0"," 0"," 0"," 0"," 0"," 0"," 0"," 0"," 0"," 0"," 0"," 0"
"2023F","OK","WYICP"," 0"," 0"," 0"," 0"," 0"," 0"," 0"," 0"," 0"," 0"," 0"," 0"," 0"," 0"," 0"," 0"," 0"," 0"," 0"," 0"," 0"," 0"," 0"," 0"," 0"," 0"," 0"," 0"," 0"," 0"," 0"," 0"," 0"," 0"," 0"," 0"," 0"," 0"," 0"," 0"," 0"," 0"," 0"," 0"," 0"," 0"," 0"," 0"," 0"," 0"," 0"," 0"," 0"," 0"," 0"," 0"," 0"," 0"," 0"," 0"," 0"," 0"," 0"," 0"
"2023F","OK","WYTCB"," 0"," 0"," 0"," 0"," 0"," 0"," 0"," 0"," 0"," 0"," 0"," 0"," 0"," 0"," 0"," 0"," 0"," 0"," 0"," 0"," 0"," 0"," 0"," 0"," 0"," 0"," 0"," 0"," 0"," 0"," 0"," 0"," 0"," 0"," 0"," 0"," 0"," 0"," 0"," 0"," 0"," 0"," 0"," 186"," 1954"," 2893"," 5843"," 6309"," 8046"," 9206"," 12993"," 19125"," 27834"," 38086"," 40728"," 47873"," 68476"," 80519"," 93278"," 98976"," 100371"," 111028"," 128130"," 126286"
"2023F","OK","WYTCP"," 0"," 0"," 0"," 0"," 0"," 0"," 0"," 0"," 0"," 0"," 0"," 0"," 0"," 0"," 0"," 0"," 0"," 0"," 0"," 0"," 0"," 0"," 0"," 0"," 0"," 0"," 0"," 0"," 0"," 0"," 0"," 0"," 0"," 0"," 0"," 0"," 0"," 0"," 0"," 0"," 0"," 0"," 0"," 54"," 573"," 848"," 1712"," 1849"," 2358"," 2698"," 3808"," 5605"," 8158"," 11162"," 11937"," 14031"," 20069"," 23599"," 27338"," 29008"," 29417"," 32540"," 37553"," 37012"
"2023F","OK","WYTXB"," 0"," 0"," 0"," 0"," 0"," 0"," 0"," 0"," 0"," 0"," 0"," 0"," 0"," 0"," 0"," 0"," 0"," 0"," 0"," 0"," 0"," 0"," 0"," 0"," 0"," 0"," 0"," 0"," 0"," 0"," 0"," 0"," 0"," 0"," 0"," 0"," 0"," 0"," 0"," 0"," 0"," 0"," 0"," 0"," 0"," 0"," 0"," 0"," 0"," 0"," 0"," 0"," 0"," 0"," 0"," 0"," 0"," 0"," 0"," 0"," 0"," 0"," 0"," 0"
"2023F","OK","WYTXP"," 0"," 0"," 0"," 0"," 0"," 0"," 0"," 0"," 0"," 0"," 0"," 0"," 0"," 0"," 0"," 0"," 0"," 0"," 0"," 0"," 0"," 0"," 0"," 0"," 0"," 0"," 0"," 0"," 0"," 0"," 0"," 0"," 0"," 0"," 0"," 0"," 0"," 0"," 0"," 0"," 0"," 0"," 0"," 0"," 0"," 0"," 0"," 0"," 0"," 0"," 0"," 0"," 0"," 0"," 0"," 0"," 0"," 0"," 0"," 0"," 0"," 0"," 0"," 0"
"2023F","OK","WZEIB"," 0"," 0"," 0"," 0"," 0"," 0"," 0"," 0"," 0"," 0"," 0"," 0"," 0"," 0"," 0"," 0"," 0"," 0"," 0"," 0"," 0"," 0"," 0"," 0"," 0"," 0"," 0"," 0"," 0"," 0"," 0"," 0"," 0"," 0"," 0"," 0"," 0"," 0"," 0"," 0"," 0"," 0"," 0"," 0"," 0"," 0"," 0"," 0"," 45"," 0"," 0"," 0"," 0"," 186"," 194"," 154"," 184"," 227"," 240"," 255"," 219"," 260"," 432"," 169"
"2023F","OK","WZTCB"," 0"," 0"," 0"," 0"," 0"," 0"," 0"," 0"," 0"," 0"," 0"," 0"," 0"," 0"," 0"," 0"," 0"," 0"," 0"," 0"," 0"," 449"," 609"," 804"," 1054"," 1189"," 211"," 232"," 254"," 169"," 89"," 53"," 85"," 49"," 198"," 229"," 376"," 300"," 345"," 350"," 281"," 203"," 194"," 186"," 1878"," 1744"," 2308"," 1600"," 3838"," 6293"," 6002"," 5649"," 6379"," 8295"," 6463"," 5812"," 7712"," 5606"," 5939"," 5924"," 5884"," 6578"," 6495"," 6095"
"2023F","OK","ZWCDP"," 1829"," 1504"," 1961"," 2317"," 1998"," 1958"," 1707"," 1548"," 1625"," 1895"," 1965"," 1773"," 1891"," 1702"," 1707"," 1638"," 1542"," 2195"," 2158"," 1701"," 2361"," 1900"," 1804"," 1854"," 1837"," 1885"," 1973"," 1828"," 1884"," 1514"," 1928"," 1911"," 1431"," 1775"," 1756"," 1677"," 1766"," 1654"," 2452"," 1853"," 2040"," 2042"," 1801"," 1821"," 1663"," 1941"," 2155"," 1911"," 1764"," 1703"," 2176"," 2480"," 2340"," 1797"," 1814"," 1960"," 2175"," 1854"," 2139"," 1979"," 1784"," 1954"," 2284"," 2073"
"2023F","OK","ZWHDP"," 4144"," 3873"," 3788"," 3817"," 3665"," 3492"," 3920"," 3500"," 4021"," 3944"," 3974"," 3672"," 3909"," 3732"," 3573"," 3799"," 3807"," 3658"," 4418"," 4384"," 3852"," 3510"," 3844"," 4298"," 3771"," 4112"," 3429"," 3655"," 3865"," 3975"," 3360"," 3502"," 3394"," 4170"," 3610"," 3628"," 3888"," 3830"," 3382"," 3082"," 3703"," 3494"," 3748"," 3613"," 3343"," 3358"," 3018"," 3541"," 3675"," 3681"," 3777"," 3595"," 2868"," 4000"," 3949"," 3414"," 3039"," 2922"," 3827"," 3742"," 3264"," 3346"," 3669"," 3150"
